date,precip
1986-01-01,0.0
1986-01-02,9.6
1986-01-03,25.2
1986-01-04,0.0
1986-01-05,5.7
1986-01-06,0.1
1986-01-07,0.2
1986-01-08,13.2
1986-01-09,4.3
1986-01-10,1.9
1986-01-11,1.3
1986-01-12,1.1
1986-01-13,0.0
1986-01-14,0.0
1986-01-15,0.4
1986-01-16,0.4
1986-01-17,0.0
1986-01-18,1.2
1986-01-19,1.1
1986-01-20,0.3
1986-01-21,4.3
1986-01-22,2.7
1986-01-23,4.6
1986-01-24,1.0
1986-01-25,0.0
1986-01-26,0.0
1986-01-27,0.0
1986-01-28,12.5
1986-01-29,5.4
1986-01-30,7.0
1986-01-31,0.1
1986-02-01,1.9
1986-02-02,3.1
1986-02-03,4.7
1986-02-04,0.1
1986-02-05,0.0
1986-02-06,6.6
1986-02-07,0.1
1986-02-08,0.0
1986-02-09,0.0
1986-02-10,0.0
1986-02-11,0.0
1986-02-12,0.0
1986-02-13,0.0
1986-02-14,0.0
1986-02-15,0.0
1986-02-16,0.0
1986-02-17,0.0
1986-02-18,0.0
1986-02-19,0.0
1986-02-20,0.0
1986-02-21,0.0
1986-02-22,0.0
1986-02-23,0.0
1986-02-24,0.5
1986-02-25,0.0
1986-02-26,0.0
1986-02-27,0.0
1986-02-28,0.0
1986-03-01,3.5
1986-03-02,3.1
1986-03-03,0.0
1986-03-04,1.3
1986-03-05,6.4
1986-03-06,0.0
1986-03-07,0.0
1986-03-08,0.0
1986-03-09,0.0
1986-03-10,1.1
1986-03-11,0.0
1986-03-12,0.0
1986-03-13,0.0
1986-03-14,0.0
1986-03-15,0.0
1986-03-16,0.0
1986-03-17,0.5
1986-03-18,0.0
1986-03-19,6.7
1986-03-20,0.7
1986-03-21,0.2
1986-03-22,1.7
1986-03-23,2.8
1986-03-24,7.1
1986-03-25,0.0
1986-03-26,2.5
1986-03-27,2.1
1986-03-28,4.0
1986-03-29,1.4
1986-03-30,5.2
1986-03-31,0.9
1986-04-01,0.3
1986-04-02,0.1
1986-04-03,5.0
1986-04-04,1.3
1986-04-05,0.1
1986-04-06,2.2
1986-04-07,2.2
1986-04-08,5.5
1986-04-09,0.1
1986-04-10,0.1
1986-04-11,0.0
1986-04-12,1.4
1986-04-13,2.0
1986-04-14,4.7
1986-04-15,2.5
1986-04-16,1.4
1986-04-17,5.3
1986-04-18,5.6
1986-04-19,0.1
1986-04-20,9.3
1986-04-21,0.4
1986-04-22,4.3
1986-04-23,1.4
1986-04-24,3.9
1986-04-25,0.0
1986-04-26,0.0
1986-04-27,0.6
1986-04-28,0.2
1986-04-29,0.0
1986-04-30,0.0
1986-05-01,0.0
1986-05-02,0.0
1986-05-03,0.0
1986-05-04,0.0
1986-05-05,0.0
1986-05-06,2.3
1986-05-07,2.5
1986-05-08,0.5
1986-05-09,4.2
1986-05-10,3.0
1986-05-11,0.1
1986-05-12,0.5
1986-05-13,1.2
1986-05-14,0.1
1986-05-15,4.2
1986-05-16,0.0
1986-05-17,0.2
1986-05-18,4.4
1986-05-19,0.0
1986-05-20,3.4
1986-05-21,7.8
1986-05-22,0.6
1986-05-23,3.7
1986-05-24,0.0
1986-05-25,0.0
1986-05-26,0.0
1986-05-27,0.0
1986-05-28,0.0
1986-05-29,9.9
1986-05-30,0.6
1986-05-31,1.4
1986-06-01,5.5
1986-06-02,0.0
1986-06-03,0.0
1986-06-04,2.5
1986-06-05,0.3
1986-06-06,0.1
1986-06-07,0.2
1986-06-08,0.0
1986-06-09,0.0
1986-06-10,0.3
1986-06-11,8.3
1986-06-12,1.2
1986-06-13,0.0
1986-06-14,0.0
1986-06-15,0.0
1986-06-16,0.0
1986-06-17,0.0
1986-06-18,0.0
1986-06-19,0.0
1986-06-20,0.0
1986-06-21,0.0
1986-06-22,0.0
1986-06-23,0.4
1986-06-24,0.8
1986-06-25,0.0
1986-06-26,0.0
1986-06-27,0.0
1986-06-28,0.0
1986-06-29,0.0
1986-06-30,0.0
1986-07-01,0.0
1986-07-02,0.0
1986-07-03,0.0
1986-07-04,0.0
1986-07-05,12.4
1986-07-06,12.6
1986-07-07,0.0
1986-07-08,4.6
1986-07-09,0.4
1986-07-10,0.0
1986-07-11,4.7
1986-07-12,19.8
1986-07-13,2.7
1986-07-14,0.1
1986-07-15,0.0
1986-07-16,0.0
1986-07-17,0.0
1986-07-18,0.0
1986-07-19,0.0
1986-07-20,0.2
1986-07-21,0.0
1986-07-22,10.4
1986-07-23,0.0
1986-07-24,0.0
1986-07-25,0.2
1986-07-26,0.0
1986-07-27,0.0
1986-07-28,0.0
1986-07-29,7.0
1986-07-30,0.0
1986-07-31,0.0
1986-08-01,1.2
1986-08-02,0.0
1986-08-03,0.4
1986-08-04,24.9
1986-08-05,0.0
1986-08-06,0.0
1986-08-07,0.0
1986-08-08,0.2
1986-08-09,0.0
1986-08-10,0.0
1986-08-11,12.2
1986-08-12,0.0
1986-08-13,0.0
1986-08-14,0.0
1986-08-15,0.5
1986-08-16,0.0
1986-08-17,0.0
1986-08-18,0.6
1986-08-19,4.6
1986-08-20,0.0
1986-08-21,0.0
1986-08-22,3.1
1986-08-23,4.3
1986-08-24,1.4
1986-08-25,0.0
1986-08-26,27.4
1986-08-27,1.3
1986-08-28,0.5
1986-08-29,0.1
1986-08-30,0.3
1986-08-31,0.1
1986-09-01,0.0
1986-09-02,0.0
1986-09-03,1.4
1986-09-04,0.2
1986-09-05,0.0
1986-09-06,0.0
1986-09-07,0.0
1986-09-08,0.0
1986-09-09,0.0
1986-09-10,0.0
1986-09-11,0.0
1986-09-12,0.0
1986-09-13,0.0
1986-09-14,17.0
1986-09-15,0.1
1986-09-16,5.3
1986-09-17,0.0
1986-09-18,0.0
1986-09-19,0.0
1986-09-20,0.0
1986-09-21,0.0
1986-09-22,0.0
1986-09-23,0.0
1986-09-24,0.0
1986-09-25,0.0
1986-09-26,0.0
1986-09-27,0.0
1986-09-28,0.0
1986-09-29,0.0
1986-09-30,0.0
1986-10-01,0.0
1986-10-02,0.0
1986-10-03,0.0
1986-10-04,0.0
1986-10-05,0.0
1986-10-06,0.0
1986-10-07,0.0
1986-10-08,0.0
1986-10-09,0.0
1986-10-10,0.0
1986-10-11,0.2
1986-10-12,0.0
1986-10-13,0.0
1986-10-14,0.0
1986-10-15,17.3
1986-10-16,0.1
1986-10-17,0.0
1986-10-18,1.7
1986-10-19,1.7
1986-10-20,9.1
1986-10-21,1.4
1986-10-22,19.6
1986-10-23,1.0
1986-10-24,0.0
1986-10-25,3.2
1986-10-26,0.0
1986-10-27,0.4
1986-10-28,4.7
1986-10-29,3.2
1986-10-30,0.0
1986-10-31,0.8
1986-11-01,3.9
1986-11-02,3.5
1986-11-03,0.0
1986-11-04,3.7
1986-11-05,0.0
1986-11-06,0.3
1986-11-07,0.0
1986-11-08,7.0
1986-11-09,0.0
1986-11-10,0.1
1986-11-11,4.5
1986-11-12,1.3
1986-11-13,0.3
1986-11-14,3.6
1986-11-15,14.3
1986-11-16,0.0
1986-11-17,3.5
1986-11-18,7.0
1986-11-19,6.6
1986-11-20,6.3
1986-11-21,7.7
1986-11-22,0.8
1986-11-23,3.0
1986-11-24,0.5
1986-11-25,1.2
1986-11-26,2.6
1986-11-27,0.8
1986-11-28,0.0
1986-11-29,0.0
1986-11-30,0.0
1986-12-01,0.0
1986-12-02,0.3
1986-12-03,0.0
1986-12-04,0.0
1986-12-05,0.0
1986-12-06,8.8
1986-12-07,0.0
1986-12-08,0.4
1986-12-09,1.0
1986-12-10,1.1
1986-12-11,0.0
1986-12-12,2.8
1986-12-13,2.8
1986-12-14,0.0
1986-12-15,0.1
1986-12-16,8.4
1986-12-17,0.0
1986-12-18,5.0
1986-12-19,2.4
1986-12-20,0.0
1986-12-21,0.0
1986-12-22,1.2
1986-12-23,0.0
1986-12-24,0.0
1986-12-25,5.2
1986-12-26,5.6
1986-12-27,0.5
1986-12-28,0.0
1986-12-29,0.0
1986-12-30,3.1
1986-12-31,4.0
1987-01-01,11.1
1987-01-02,1.9
1987-01-03,0.0
1987-01-04,0.0
1987-01-05,5.7
1987-01-06,0.0
1987-01-07,0.0
1987-01-08,0.0
1987-01-09,0.0
1987-01-10,0.0
1987-01-11,0.0
1987-01-12,1.0
1987-01-13,0.3
1987-01-14,4.2
1987-01-15,0.4
1987-01-16,0.4
1987-01-17,0.0
1987-01-18,0.0
1987-01-19,0.0
1987-01-20,0.0
1987-01-21,0.0
1987-01-22,0.6
1987-01-23,1.1
1987-01-24,0.0
1987-01-25,0.0
1987-01-26,0.0
1987-01-27,0.0
1987-01-28,0.0
1987-01-29,0.0
1987-01-30,0.0
1987-01-31,0.0
1987-02-01,0.0
1987-02-02,0.0
1987-02-03,0.0
1987-02-04,0.0
1987-02-05,0.0
1987-02-06,0.0
1987-02-07,0.7
1987-02-08,0.0
1987-02-09,1.4
1987-02-10,0.3
1987-02-11,0.0
1987-02-12,1.0
1987-02-13,0.1
1987-02-14,12.2
1987-02-15,0.5
1987-02-16,0.0
1987-02-17,0.0
1987-02-18,0.0
1987-02-19,0.1
1987-02-20,0.4
1987-02-21,0.0
1987-02-22,0.2
1987-02-23,0.1
1987-02-24,0.0
1987-02-25,0.0
1987-02-26,0.0
1987-02-27,4.2
1987-02-28,9.7
1987-03-01,2.6
1987-03-02,5.1
1987-03-03,0.1
1987-03-04,0.1
1987-03-05,0.4
1987-03-06,3.0
1987-03-07,2.9
1987-03-08,5.6
1987-03-09,0.0
1987-03-10,0.0
1987-03-11,0.0
1987-03-12,0.0
1987-03-13,0.0
1987-03-14,0.0
1987-03-15,0.0
1987-03-16,0.0
1987-03-17,0.0
1987-03-18,1.1
1987-03-19,1.1
1987-03-20,0.0
1987-03-21,0.0
1987-03-22,0.0
1987-03-23,5.3
1987-03-24,6.2
1987-03-25,3.0
1987-03-26,0.9
1987-03-27,4.0
1987-03-28,0.9
1987-03-29,1.9
1987-03-30,0.6
1987-03-31,0.0
1987-04-01,2.5
1987-04-02,9.4
1987-04-03,0.0
1987-04-04,4.0
1987-04-05,6.0
1987-04-06,0.2
1987-04-07,11.8
1987-04-08,1.6
1987-04-09,0.9
1987-04-10,0.7
1987-04-11,2.4
1987-04-12,0.0
1987-04-13,0.0
1987-04-14,0.0
1987-04-15,0.0
1987-04-16,0.0
1987-04-17,0.0
1987-04-18,0.0
1987-04-19,0.0
1987-04-20,0.1
1987-04-21,0.0
1987-04-22,0.0
1987-04-23,0.0
1987-04-24,0.0
1987-04-25,0.0
1987-04-26,0.0
1987-04-27,1.3
1987-04-28,0.0
1987-04-29,0.0
1987-04-30,0.2
1987-05-01,0.0
1987-05-02,0.7
1987-05-03,1.1
1987-05-04,0.4
1987-05-05,0.0
1987-05-06,0.0
1987-05-07,0.0
1987-05-08,0.0
1987-05-09,0.0
1987-05-10,0.0
1987-05-11,0.0
1987-05-12,2.3
1987-05-13,1.7
1987-05-14,13.8
1987-05-15,3.3
1987-05-16,1.9
1987-05-17,0.0
1987-05-18,4.7
1987-05-19,0.9
1987-05-20,0.0
1987-05-21,0.1
1987-05-22,0.5
1987-05-23,3.0
1987-05-24,4.0
1987-05-25,0.0
1987-05-26,0.0
1987-05-27,0.0
1987-05-28,0.0
1987-05-29,0.1
1987-05-30,0.0
1987-05-31,8.2
1987-06-01,0.0
1987-06-02,0.1
1987-06-03,2.4
1987-06-04,2.8
1987-06-05,18.0
1987-06-06,5.3
1987-06-07,0.1
1987-06-08,3.6
1987-06-09,4.9
1987-06-10,0.7
1987-06-11,6.8
1987-06-12,5.9
1987-06-13,1.1
1987-06-14,12.2
1987-06-15,3.0
1987-06-16,0.1
1987-06-17,7.0
1987-06-18,5.6
1987-06-19,8.2
1987-06-20,13.5
1987-06-21,1.9
1987-06-22,0.4
1987-06-23,3.3
1987-06-24,0.4
1987-06-25,2.0
1987-06-26,2.0
1987-06-27,0.1
1987-06-28,0.0
1987-06-29,0.0
1987-06-30,0.0
1987-07-01,0.0
1987-07-02,0.0
1987-07-03,0.0
1987-07-04,0.0
1987-07-05,0.0
1987-07-06,0.0
1987-07-07,0.1
1987-07-08,0.0
1987-07-09,0.0
1987-07-10,0.0
1987-07-11,0.0
1987-07-12,0.0
1987-07-13,0.0
1987-07-14,0.0
1987-07-15,1.9
1987-07-16,11.4
1987-07-17,4.1
1987-07-18,4.8
1987-07-19,13.0
1987-07-20,29.5
1987-07-21,3.6
1987-07-22,6.0
1987-07-23,0.1
1987-07-24,0.0
1987-07-25,0.4
1987-07-26,0.0
1987-07-27,4.7
1987-07-28,0.6
1987-07-29,0.6
1987-07-30,11.6
1987-07-31,1.8
1987-08-01,0.0
1987-08-02,6.9
1987-08-03,0.3
1987-08-04,1.4
1987-08-05,1.8
1987-08-06,0.0
1987-08-07,0.0
1987-08-08,0.0
1987-08-09,0.0
1987-08-10,0.0
1987-08-11,0.0
1987-08-12,1.1
1987-08-13,0.0
1987-08-14,0.5
1987-08-15,0.0
1987-08-16,0.0
1987-08-17,0.0
1987-08-18,1.2
1987-08-19,0.0
1987-08-20,0.0
1987-08-21,0.0
1987-08-22,12.4
1987-08-23,4.8
1987-08-24,0.0
1987-08-25,5.4
1987-08-26,18.9
1987-08-27,3.8
1987-08-28,0.0
1987-08-29,0.0
1987-08-30,0.0
1987-08-31,0.0
1987-09-01,0.0
1987-09-02,1.6
1987-09-03,0.0
1987-09-04,0.2
1987-09-05,1.5
1987-09-06,10.1
1987-09-07,1.2
1987-09-08,0.2
1987-09-09,0.0
1987-09-10,1.2
1987-09-11,0.0
1987-09-12,1.8
1987-09-13,7.8
1987-09-14,0.1
1987-09-15,0.0
1987-09-16,0.0
1987-09-17,0.1
1987-09-18,1.4
1987-09-19,0.6
1987-09-20,4.2
1987-09-21,0.0
1987-09-22,0.7
1987-09-23,0.0
1987-09-24,8.2
1987-09-25,0.2
1987-09-26,0.0
1987-09-27,0.0
1987-09-28,0.0
1987-09-29,0.0
1987-09-30,0.0
1987-10-01,0.0
1987-10-02,0.0
1987-10-03,0.2
1987-10-04,7.0
1987-10-05,0.3
1987-10-06,0.4
1987-10-07,6.0
1987-10-08,15.3
1987-10-09,1.1
1987-10-10,40.5
1987-10-11,13.0
1987-10-12,0.2
1987-10-13,1.7
1987-10-14,0.9
1987-10-15,9.9
1987-10-16,22.3
1987-10-17,7.0
1987-10-18,0.0
1987-10-19,0.0
1987-10-20,0.7
1987-10-21,32.1
1987-10-22,0.9
1987-10-23,0.0
1987-10-24,0.0
1987-10-25,0.0
1987-10-26,0.5
1987-10-27,0.2
1987-10-28,0.0
1987-10-29,0.0
1987-10-30,0.0
1987-10-31,0.1
1987-11-01,1.9
1987-11-02,0.0
1987-11-03,0.0
1987-11-04,0.0
1987-11-05,0.0
1987-11-06,0.0
1987-11-07,0.0
1987-11-08,0.0
1987-11-09,6.5
1987-11-10,1.3
1987-11-11,2.4
1987-11-12,19.6
1987-11-13,0.0
1987-11-14,1.4
1987-11-15,2.4
1987-11-16,0.3
1987-11-17,0.1
1987-11-18,0.0
1987-11-19,1.7
1987-11-20,10.2
1987-11-21,0.0
1987-11-22,0.7
1987-11-23,4.8
1987-11-24,0.7
1987-11-25,0.0
1987-11-26,0.0
1987-11-27,0.0
1987-11-28,0.0
1987-11-29,0.0
1987-11-30,0.0
1987-12-01,0.0
1987-12-02,0.6
1987-12-03,0.0
1987-12-04,0.0
1987-12-05,0.0
1987-12-06,0.2
1987-12-07,0.1
1987-12-08,0.1
1987-12-09,0.0
1987-12-10,0.0
1987-12-11,0.0
1987-12-12,0.0
1987-12-13,0.0
1987-12-14,0.0
1987-12-15,0.2
1987-12-16,7.0
1987-12-17,0.9
1987-12-18,0.4
1987-12-19,0.0
1987-12-20,0.0
1987-12-21,0.0
1987-12-22,0.0
1987-12-23,0.0
1987-12-24,0.0
1987-12-25,0.3
1987-12-26,0.0
1987-12-27,0.0
1987-12-28,0.0
1987-12-29,0.0
1987-12-30,0.8
1987-12-31,3.2
1988-01-01,0.0
1988-01-02,1.9
1988-01-03,4.1
1988-01-04,2.8
1988-01-05,7.5
1988-01-06,6.3
1988-01-07,0.5
1988-01-08,0.0
1988-01-09,1.0
1988-01-10,1.6
1988-01-11,0.2
1988-01-12,0.2
1988-01-13,2.1
1988-01-14,7.0
1988-01-15,1.2
1988-01-16,0.0
1988-01-17,0.0
1988-01-18,0.0
1988-01-19,0.0
1988-01-20,1.2
1988-01-21,2.3
1988-01-22,10.8
1988-01-23,0.2
1988-01-24,6.0
1988-01-25,13.7
1988-01-26,4.6
1988-01-27,0.0
1988-01-28,12.7
1988-01-29,12.9
1988-01-30,13.5
1988-01-31,0.0
1988-02-01,7.0
1988-02-02,1.0
1988-02-03,1.8
1988-02-04,2.1
1988-02-05,3.8
1988-02-06,0.0
1988-02-07,0.0
1988-02-08,3.1
1988-02-09,3.6
1988-02-10,1.4
1988-02-11,1.3
1988-02-12,0.0
1988-02-13,0.1
1988-02-14,1.1
1988-02-15,0.0
1988-02-16,0.0
1988-02-17,0.0
1988-02-18,0.0
1988-02-19,0.0
1988-02-20,0.0
1988-02-21,0.0
1988-02-22,0.0
1988-02-23,0.0
1988-02-24,0.0
1988-02-25,1.9
1988-02-26,0.6
1988-02-27,0.0
1988-02-28,0.0
1988-02-29,0.9
1988-03-01,0.0
1988-03-02,0.0
1988-03-03,0.9
1988-03-04,6.8
1988-03-05,0.0
1988-03-06,0.0
1988-03-07,0.1
1988-03-08,0.0
1988-03-09,0.0
1988-03-10,1.7
1988-03-11,0.0
1988-03-12,0.0
1988-03-13,0.0
1988-03-14,4.9
1988-03-15,6.1
1988-03-16,5.1
1988-03-17,0.1
1988-03-18,0.4
1988-03-19,6.3
1988-03-20,1.4
1988-03-21,11.8
1988-03-22,0.2
1988-03-23,1.0
1988-03-24,0.3
1988-03-25,7.3
1988-03-26,0.4
1988-03-27,0.0
1988-03-28,0.1
1988-03-29,1.6
1988-03-30,11.4
1988-03-31,0.0
1988-04-01,0.0
1988-04-02,0.0
1988-04-03,0.0
1988-04-04,0.0
1988-04-05,0.0
1988-04-06,0.0
1988-04-07,0.0
1988-04-08,0.0
1988-04-09,4.8
1988-04-10,0.5
1988-04-11,0.0
1988-04-12,0.0
1988-04-13,0.0
1988-04-14,0.0
1988-04-15,0.0
1988-04-16,2.0
1988-04-17,5.0
1988-04-18,0.0
1988-04-19,3.3
1988-04-20,6.4
1988-04-21,0.0
1988-04-22,0.0
1988-04-23,0.0
1988-04-24,0.0
1988-04-25,0.0
1988-04-26,0.0
1988-04-27,0.4
1988-04-28,6.3
1988-04-29,0.2
1988-04-30,1.4
1988-05-01,2.1
1988-05-02,1.1
1988-05-03,0.4
1988-05-04,0.8
1988-05-05,5.1
1988-05-06,0.0
1988-05-07,0.0
1988-05-08,8.0
1988-05-09,0.4
1988-05-10,0.0
1988-05-11,0.0
1988-05-12,2.8
1988-05-13,0.0
1988-05-14,0.0
1988-05-15,0.0
1988-05-16,0.0
1988-05-17,0.0
1988-05-18,0.8
1988-05-19,0.0
1988-05-20,0.0
1988-05-21,0.0
1988-05-22,0.0
1988-05-23,0.0
1988-05-24,1.3
1988-05-25,0.0
1988-05-26,0.2
1988-05-27,1.4
1988-05-28,0.0
1988-05-29,1.7
1988-05-30,3.5
1988-05-31,11.0
1988-06-01,0.5
1988-06-02,0.2
1988-06-03,0.0
1988-06-04,5.6
1988-06-05,3.0
1988-06-06,0.0
1988-06-07,0.0
1988-06-08,2.1
1988-06-09,10.4
1988-06-10,0.5
1988-06-11,0.4
1988-06-12,0.0
1988-06-13,0.0
1988-06-14,0.0
1988-06-15,0.0
1988-06-16,0.0
1988-06-17,0.0
1988-06-18,0.1
1988-06-19,0.0
1988-06-20,0.0
1988-06-21,0.0
1988-06-22,0.0
1988-06-23,0.0
1988-06-24,0.0
1988-06-25,0.0
1988-06-26,0.8
1988-06-27,0.1
1988-06-28,2.7
1988-06-29,0.3
1988-06-30,0.0
1988-07-01,5.8
1988-07-02,2.7
1988-07-03,2.2
1988-07-04,11.3
1988-07-05,4.0
1988-07-06,3.5
1988-07-07,5.6
1988-07-08,1.2
1988-07-09,0.0
1988-07-10,0.0
1988-07-11,1.9
1988-07-12,0.4
1988-07-13,6.6
1988-07-14,0.3
1988-07-15,1.3
1988-07-16,1.0
1988-07-17,8.6
1988-07-18,0.2
1988-07-19,0.0
1988-07-20,0.0
1988-07-21,0.0
1988-07-22,6.2
1988-07-23,9.3
1988-07-24,1.0
1988-07-25,0.0
1988-07-26,0.1
1988-07-27,1.0
1988-07-28,0.2
1988-07-29,0.0
1988-07-30,0.1
1988-07-31,0.5
1988-08-01,0.1
1988-08-02,0.0
1988-08-03,2.4
1988-08-04,0.0
1988-08-05,0.0
1988-08-06,0.0
1988-08-07,0.0
1988-08-08,0.0
1988-08-09,0.1
1988-08-10,0.0
1988-08-11,0.0
1988-08-12,0.5
1988-08-13,0.9
1988-08-14,0.0
1988-08-15,0.0
1988-08-16,0.0
1988-08-17,0.0
1988-08-18,0.0
1988-08-19,4.6
1988-08-20,4.8
1988-08-21,2.5
1988-08-22,0.2
1988-08-23,0.0
1988-08-24,1.5
1988-08-25,1.3
1988-08-26,0.0
1988-08-27,0.0
1988-08-28,0.0
1988-08-29,1.5
1988-08-30,0.0
1988-08-31,1.9
1988-09-01,17.4
1988-09-02,3.2
1988-09-03,1.5
1988-09-04,0.0
1988-09-05,0.9
1988-09-06,0.0
1988-09-07,0.0
1988-09-08,0.0
1988-09-09,0.0
1988-09-10,0.0
1988-09-11,0.0
1988-09-12,0.2
1988-09-13,0.8
1988-09-14,1.0
1988-09-15,0.0
1988-09-16,0.0
1988-09-17,0.0
1988-09-18,0.0
1988-09-19,0.0
1988-09-20,0.0
1988-09-21,0.0
1988-09-22,2.4
1988-09-23,5.3
1988-09-24,0.0
1988-09-25,2.7
1988-09-26,0.0
1988-09-27,3.5
1988-09-28,9.0
1988-09-29,2.1
1988-09-30,0.0
1988-10-01,0.0
1988-10-02,0.0
1988-10-03,0.0
1988-10-04,0.0
1988-10-05,0.5
1988-10-06,6.0
1988-10-07,6.2
1988-10-08,0.1
1988-10-09,20.8
1988-10-10,11.1
1988-10-11,0.0
1988-10-12,1.3
1988-10-13,4.2
1988-10-14,0.0
1988-10-15,0.0
1988-10-16,0.0
1988-10-17,0.0
1988-10-18,0.7
1988-10-19,0.1
1988-10-20,3.0
1988-10-21,0.0
1988-10-22,0.0
1988-10-23,0.0
1988-10-24,0.1
1988-10-25,4.8
1988-10-26,0.0
1988-10-27,0.1
1988-10-28,0.0
1988-10-29,0.0
1988-10-30,0.0
1988-10-31,0.0
1988-11-01,0.0
1988-11-02,0.0
1988-11-03,0.0
1988-11-04,0.0
1988-11-05,0.0
1988-11-06,0.0
1988-11-07,0.0
1988-11-08,0.0
1988-11-09,3.7
1988-11-10,0.0
1988-11-11,0.1
1988-11-12,1.0
1988-11-13,0.0
1988-11-14,0.0
1988-11-15,0.0
1988-11-16,0.0
1988-11-17,0.0
1988-11-18,0.4
1988-11-19,0.2
1988-11-20,3.3
1988-11-21,0.4
1988-11-22,0.0
1988-11-23,0.0
1988-11-24,0.0
1988-11-25,0.0
1988-11-26,0.0
1988-11-27,0.0
1988-11-28,0.3
1988-11-29,0.6
1988-11-30,12.6
1988-12-01,0.0
1988-12-02,0.0
1988-12-03,1.1
1988-12-04,6.6
1988-12-05,0.8
1988-12-06,0.0
1988-12-07,0.0
1988-12-08,0.0
1988-12-09,0.2
1988-12-10,0.0
1988-12-11,0.0
1988-12-12,0.5
1988-12-13,0.0
1988-12-14,0.8
1988-12-15,0.0
1988-12-16,0.0
1988-12-17,0.4
1988-12-18,0.0
1988-12-19,0.0
1988-12-20,1.7
1988-12-21,0.0
1988-12-22,0.0
1988-12-23,0.2
1988-12-24,0.0
1988-12-25,0.0
1988-12-26,0.0
1988-12-27,2.0
1988-12-28,0.0
1988-12-29,0.0
1988-12-30,0.1
1988-12-31,0.0
1989-01-01,0.0
1989-01-02,0.0
1989-01-03,0.0
1989-01-04,0.1
1989-01-05,0.0
1989-01-06,4.8
1989-01-07,0.0
1989-01-08,0.0
1989-01-09,0.2
1989-01-10,1.4
1989-01-11,0.0
1989-01-12,0.3
1989-01-13,3.5
1989-01-14,4.2
1989-01-15,0.0
1989-01-16,0.0
1989-01-17,1.9
1989-01-18,1.1
1989-01-19,0.0
1989-01-20,0.0
1989-01-21,4.3
1989-01-22,2.1
1989-01-23,0.0
1989-01-24,0.0
1989-01-25,0.0
1989-01-26,0.0
1989-01-27,0.0
1989-01-28,0.0
1989-01-29,5.1
1989-01-30,0.0
1989-01-31,0.0
1989-02-01,0.0
1989-02-02,0.0
1989-02-03,0.0
1989-02-04,0.0
1989-02-05,1.8
1989-02-06,0.0
1989-02-07,0.0
1989-02-08,0.0
1989-02-09,0.0
1989-02-10,0.0
1989-02-11,0.0
1989-02-12,0.5
1989-02-13,0.0
1989-02-14,2.4
1989-02-15,0.0
1989-02-16,1.7
1989-02-17,5.1
1989-02-18,5.7
1989-02-19,0.0
1989-02-20,0.4
1989-02-21,0.0
1989-02-22,0.6
1989-02-23,1.3
1989-02-24,0.7
1989-02-25,2.2
1989-02-26,11.5
1989-02-27,6.0
1989-02-28,0.8
1989-03-01,0.0
1989-03-02,0.5
1989-03-03,3.8
1989-03-04,0.3
1989-03-05,0.6
1989-03-06,0.0
1989-03-07,0.8
1989-03-08,0.0
1989-03-09,0.3
1989-03-10,1.7
1989-03-11,2.7
1989-03-12,0.0
1989-03-13,0.8
1989-03-14,0.0
1989-03-15,6.8
1989-03-16,7.2
1989-03-17,22.3
1989-03-18,0.0
1989-03-19,0.4
1989-03-20,3.7
1989-03-21,8.9
1989-03-22,1.8
1989-03-23,0.0
1989-03-24,4.6
1989-03-25,0.0
1989-03-26,0.0
1989-03-27,0.0
1989-03-28,0.0
1989-03-29,0.0
1989-03-30,0.0
1989-03-31,0.0
1989-04-01,0.0
1989-04-02,11.0
1989-04-03,1.3
1989-04-04,0.0
1989-04-05,13.0
1989-04-06,11.5
1989-04-07,2.1
1989-04-08,0.8
1989-04-09,0.0
1989-04-10,1.3
1989-04-11,1.3
1989-04-12,5.9
1989-04-13,12.9
1989-04-14,0.0
1989-04-15,0.0
1989-04-16,0.0
1989-04-17,2.5
1989-04-18,0.0
1989-04-19,0.0
1989-04-20,0.0
1989-04-21,0.8
1989-04-22,1.6
1989-04-23,0.1
1989-04-24,0.2
1989-04-25,10.3
1989-04-26,2.1
1989-04-27,4.3
1989-04-28,2.3
1989-04-29,0.1
1989-04-30,0.0
1989-05-01,0.4
1989-05-02,0.0
1989-05-03,0.0
1989-05-04,0.0
1989-05-05,0.0
1989-05-06,0.0
1989-05-07,0.0
1989-05-08,0.0
1989-05-09,0.0
1989-05-10,0.0
1989-05-11,0.0
1989-05-12,0.3
1989-05-13,1.3
1989-05-14,0.0
1989-05-15,0.0
1989-05-16,0.0
1989-05-17,0.0
1989-05-18,0.0
1989-05-19,0.0
1989-05-20,0.0
1989-05-21,0.0
1989-05-22,0.0
1989-05-23,0.0
1989-05-24,0.0
1989-05-25,0.3
1989-05-26,0.0
1989-05-27,0.0
1989-05-28,0.0
1989-05-29,0.0
1989-05-30,0.0
1989-05-31,0.0
1989-06-01,0.0
1989-06-02,2.9
1989-06-03,0.2
1989-06-04,0.0
1989-06-05,0.0
1989-06-06,11.4
1989-06-07,7.8
1989-06-08,0.0
1989-06-09,2.2
1989-06-10,0.2
1989-06-11,0.0
1989-06-12,0.0
1989-06-13,0.0
1989-06-14,0.0
1989-06-15,0.0
1989-06-16,0.0
1989-06-17,0.0
1989-06-18,0.0
1989-06-19,0.0
1989-06-20,0.0
1989-06-21,0.0
1989-06-22,0.0
1989-06-23,0.0
1989-06-24,0.0
1989-06-25,0.0
1989-06-26,0.0
1989-06-27,7.3
1989-06-28,3.4
1989-06-29,5.7
1989-06-30,3.8
1989-07-01,0.3
1989-07-02,0.3
1989-07-03,0.0
1989-07-04,0.0
1989-07-05,0.0
1989-07-06,0.0
1989-07-07,16.9
1989-07-08,1.5
1989-07-09,3.9
1989-07-10,0.1
1989-07-11,0.0
1989-07-12,0.0
1989-07-13,0.0
1989-07-14,0.0
1989-07-15,0.0
1989-07-16,0.0
1989-07-17,0.0
1989-07-18,0.0
1989-07-19,0.0
1989-07-20,0.0
1989-07-21,0.0
1989-07-22,0.0
1989-07-23,0.6
1989-07-24,0.0
1989-07-25,0.0
1989-07-26,0.0
1989-07-27,0.0
1989-07-28,0.0
1989-07-29,0.0
1989-07-30,5.3
1989-07-31,4.7
1989-08-01,0.0
1989-08-02,0.0
1989-08-03,0.0
1989-08-04,0.0
1989-08-05,0.0
1989-08-06,0.0
1989-08-07,0.0
1989-08-08,0.0
1989-08-09,0.0
1989-08-10,13.4
1989-08-11,11.9
1989-08-12,0.1
1989-08-13,0.0
1989-08-14,6.7
1989-08-15,5.1
1989-08-16,1.6
1989-08-17,0.0
1989-08-18,0.2
1989-08-19,0.0
1989-08-20,0.0
1989-08-21,0.0
1989-08-22,0.0
1989-08-23,0.0
1989-08-24,0.0
1989-08-25,0.0
1989-08-26,5.5
1989-08-27,8.3
1989-08-28,0.0
1989-08-29,0.0
1989-08-30,0.0
1989-08-31,0.5
1989-09-01,0.0
1989-09-02,0.0
1989-09-03,0.0
1989-09-04,0.0
1989-09-05,0.0
1989-09-06,0.0
1989-09-07,0.0
1989-09-08,0.0
1989-09-09,0.7
1989-09-10,0.3
1989-09-11,0.0
1989-09-12,0.0
1989-09-13,2.8
1989-09-14,0.0
1989-09-15,3.2
1989-09-16,1.6
1989-09-17,0.2
1989-09-18,0.0
1989-09-19,0.0
1989-09-20,0.0
1989-09-21,0.0
1989-09-22,1.1
1989-09-23,0.0
1989-09-24,0.0
1989-09-25,0.0
1989-09-26,0.0
1989-09-27,0.1
1989-09-28,0.2
1989-09-29,0.0
1989-09-30,0.0
1989-10-01,0.0
1989-10-02,0.0
1989-10-03,0.0
1989-10-04,0.0
1989-10-05,0.0
1989-10-06,3.6
1989-10-07,0.2
1989-10-08,2.6
1989-10-09,0.4
1989-10-10,0.0
1989-10-11,0.2
1989-10-12,0.5
1989-10-13,0.0
1989-10-14,0.0
1989-10-15,0.0
1989-10-16,0.0
1989-10-17,0.0
1989-10-18,0.0
1989-10-19,0.0
1989-10-20,11.1
1989-10-21,9.2
1989-10-22,0.8
1989-10-23,0.7
1989-10-24,0.5
1989-10-25,0.0
1989-10-26,0.2
1989-10-27,3.8
1989-10-28,1.9
1989-10-29,0.3
1989-10-30,3.5
1989-10-31,5.5
1989-11-01,0.0
1989-11-02,0.0
1989-11-03,9.1
1989-11-04,1.0
1989-11-05,0.3
1989-11-06,0.1
1989-11-07,0.0
1989-11-08,2.3
1989-11-09,2.1
1989-11-10,5.3
1989-11-11,1.9
1989-11-12,0.0
1989-11-13,0.0
1989-11-14,0.0
1989-11-15,0.0
1989-11-16,0.0
1989-11-17,0.0
1989-11-18,0.0
1989-11-19,0.0
1989-11-20,0.0
1989-11-21,0.0
1989-11-22,0.0
1989-11-23,0.0
1989-11-24,0.0
1989-11-25,0.0
1989-11-26,0.0
1989-11-27,0.0
1989-11-28,0.0
1989-11-29,0.0
1989-11-30,0.0
1989-12-01,0.0
1989-12-02,0.0
1989-12-03,0.0
1989-12-04,0.0
1989-12-05,0.0
1989-12-06,0.0
1989-12-07,0.0
1989-12-08,0.0
1989-12-09,0.1
1989-12-10,0.0
1989-12-11,0.0
1989-12-12,4.8
1989-12-13,7.4
1989-12-14,25.5
1989-12-15,3.0
1989-12-16,18.8
1989-12-17,4.6
1989-12-18,2.6
1989-12-19,7.3
1989-12-20,7.7
1989-12-21,23.2
1989-12-22,0.0
1989-12-23,0.3
1989-12-24,6.5
1989-12-25,2.7
1989-12-26,0.4
1989-12-27,0.0
1989-12-28,0.0
1989-12-29,0.0
1989-12-30,0.0
1989-12-31,0.0
1990-01-01,0.0
1990-01-02,1.7
1990-01-03,0.0
1990-01-04,0.0
1990-01-05,0.0
1990-01-06,0.8
1990-01-07,9.8
1990-01-08,1.4
1990-01-09,0.0
1990-01-10,0.0
1990-01-11,0.0
1990-01-12,0.0
1990-01-13,3.7
1990-01-14,0.0
1990-01-15,0.7
1990-01-16,0.0
1990-01-17,1.0
1990-01-18,0.0
1990-01-19,0.0
1990-01-20,0.2
1990-01-21,0.0
1990-01-22,1.8
1990-01-23,3.4
1990-01-24,3.8
1990-01-25,3.0
1990-01-26,3.1
1990-01-27,0.0
1990-01-28,5.2
1990-01-29,1.2
1990-01-30,6.5
1990-01-31,14.2
1990-02-01,6.5
1990-02-02,10.6
1990-02-03,7.0
1990-02-04,18.9
1990-02-05,0.0
1990-02-06,0.0
1990-02-07,5.7
1990-02-08,7.1
1990-02-09,0.0
1990-02-10,0.0
1990-02-11,3.7
1990-02-12,5.4
1990-02-13,0.0
1990-02-14,5.5
1990-02-15,6.3
1990-02-16,0.0
1990-02-17,0.0
1990-02-18,2.3
1990-02-19,0.0
1990-02-20,0.3
1990-02-21,3.5
1990-02-22,0.0
1990-02-23,0.0
1990-02-24,0.0
1990-02-25,0.4
1990-02-26,7.3
1990-02-27,2.1
1990-02-28,0.5
1990-03-01,3.1
1990-03-02,0.2
1990-03-03,0.0
1990-03-04,0.0
1990-03-05,0.0
1990-03-06,0.0
1990-03-07,0.0
1990-03-08,0.0
1990-03-09,0.0
1990-03-10,0.0
1990-03-11,0.0
1990-03-12,0.0
1990-03-13,0.0
1990-03-14,0.7
1990-03-15,0.0
1990-03-16,0.0
1990-03-17,0.0
1990-03-18,0.0
1990-03-19,0.0
1990-03-20,3.1
1990-03-21,0.0
1990-03-22,0.1
1990-03-23,0.0
1990-03-24,0.0
1990-03-25,0.6
1990-03-26,0.0
1990-03-27,0.0
1990-03-28,0.0
1990-03-29,0.0
1990-03-30,0.0
1990-03-31,0.0
1990-04-01,0.0
1990-04-02,0.0
1990-04-03,8.0
1990-04-04,0.4
1990-04-05,0.0
1990-04-06,0.0
1990-04-07,0.0
1990-04-08,0.0
1990-04-09,0.0
1990-04-10,0.0
1990-04-11,0.0
1990-04-12,0.0
1990-04-13,1.2
1990-04-14,8.4
1990-04-15,0.4
1990-04-16,0.4
1990-04-17,1.5
1990-04-18,1.8
1990-04-19,4.5
1990-04-20,10.5
1990-04-21,2.2
1990-04-22,4.5
1990-04-23,0.0
1990-04-24,0.6
1990-04-25,0.0
1990-04-26,0.0
1990-04-27,1.0
1990-04-28,0.0
1990-04-29,0.0
1990-04-30,0.0
1990-05-01,0.0
1990-05-02,0.0
1990-05-03,0.0
1990-05-04,0.0
1990-05-05,0.0
1990-05-06,0.0
1990-05-07,0.0
1990-05-08,0.0
1990-05-09,0.0
1990-05-10,1.0
1990-05-11,5.0
1990-05-12,0.3
1990-05-13,0.0
1990-05-14,0.0
1990-05-15,0.0
1990-05-16,0.0
1990-05-17,0.0
1990-05-18,0.0
1990-05-19,0.0
1990-05-20,0.0
1990-05-21,0.0
1990-05-22,0.0
1990-05-23,0.0
1990-05-24,0.0
1990-05-25,0.0
1990-05-26,0.0
1990-05-27,0.0
1990-05-28,0.0
1990-05-29,0.0
1990-05-30,0.0
1990-05-31,0.6
1990-06-01,0.0
1990-06-02,2.2
1990-06-03,0.0
1990-06-04,1.6
1990-06-05,0.0
1990-06-06,4.3
1990-06-07,0.0
1990-06-08,2.6
1990-06-09,1.9
1990-06-10,1.1
1990-06-11,0.0
1990-06-12,0.0
1990-06-13,0.0
1990-06-14,0.0
1990-06-15,0.0
1990-06-16,0.0
1990-06-17,0.0
1990-06-18,0.0
1990-06-19,1.6
1990-06-20,0.0
1990-06-21,2.1
1990-06-22,11.2
1990-06-23,1.4
1990-06-24,2.8
1990-06-25,0.0
1990-06-26,0.0
1990-06-27,0.0
1990-06-28,0.0
1990-06-29,0.0
1990-06-30,0.0
1990-07-01,2.0
1990-07-02,0.3
1990-07-03,0.0
1990-07-04,1.2
1990-07-05,2.8
1990-07-06,1.2
1990-07-07,3.7
1990-07-08,0.0
1990-07-09,0.0
1990-07-10,0.0
1990-07-11,0.0
1990-07-12,0.0
1990-07-13,0.0
1990-07-14,0.0
1990-07-15,0.0
1990-07-16,0.0
1990-07-17,0.0
1990-07-18,0.0
1990-07-19,0.0
1990-07-20,0.0
1990-07-21,0.0
1990-07-22,0.0
1990-07-23,0.0
1990-07-24,0.0
1990-07-25,0.0
1990-07-26,0.0
1990-07-27,0.0
1990-07-28,0.0
1990-07-29,1.1
1990-07-30,0.0
1990-07-31,0.0
1990-08-01,0.0
1990-08-02,0.0
1990-08-03,0.0
1990-08-04,0.0
1990-08-05,0.0
1990-08-06,0.0
1990-08-07,0.0
1990-08-08,0.0
1990-08-09,0.0
1990-08-10,0.0
1990-08-11,0.0
1990-08-12,0.0
1990-08-13,0.0
1990-08-14,0.0
1990-08-15,0.0
1990-08-16,4.1
1990-08-17,0.0
1990-08-18,6.7
1990-08-19,6.5
1990-08-20,7.7
1990-08-21,0.0
1990-08-22,0.0
1990-08-23,0.0
1990-08-24,0.0
1990-08-25,0.0
1990-08-26,0.0
1990-08-27,0.3
1990-08-28,0.0
1990-08-29,0.0
1990-08-30,4.8
1990-08-31,0.0
1990-09-01,0.0
1990-09-02,0.0
1990-09-03,0.0
1990-09-04,0.0
1990-09-05,0.0
1990-09-06,0.0
1990-09-07,0.0
1990-09-08,0.2
1990-09-09,0.0
1990-09-10,0.0
1990-09-11,0.0
1990-09-12,0.0
1990-09-13,0.0
1990-09-14,0.0
1990-09-15,0.0
1990-09-16,0.0
1990-09-17,0.0
1990-09-18,0.7
1990-09-19,1.8
1990-09-20,0.5
1990-09-21,0.0
1990-09-22,2.0
1990-09-23,0.0
1990-09-24,0.4
1990-09-25,1.7
1990-09-26,0.0
1990-09-27,0.0
1990-09-28,0.0
1990-09-29,0.0
1990-09-30,6.5
1990-10-01,4.6
1990-10-02,0.0
1990-10-03,0.4
1990-10-04,4.7
1990-10-05,2.8
1990-10-06,0.8
1990-10-07,0.2
1990-10-08,0.0
1990-10-09,0.0
1990-10-10,0.0
1990-10-11,0.0
1990-10-12,0.0
1990-10-13,0.0
1990-10-14,0.0
1990-10-15,0.0
1990-10-16,2.7
1990-10-17,0.0
1990-10-18,6.5
1990-10-19,0.0
1990-10-20,1.6
1990-10-21,0.0
1990-10-22,0.0
1990-10-23,0.0
1990-10-24,0.0
1990-10-25,3.1
1990-10-26,6.2
1990-10-27,10.2
1990-10-28,10.2
1990-10-29,0.0
1990-10-30,1.7
1990-10-31,0.0
1990-11-01,0.0
1990-11-02,0.0
1990-11-03,1.0
1990-11-04,0.0
1990-11-05,0.0
1990-11-06,0.0
1990-11-07,0.0
1990-11-08,0.0
1990-11-09,0.0
1990-11-10,0.3
1990-11-11,0.8
1990-11-12,3.5
1990-11-13,1.0
1990-11-14,3.7
1990-11-15,0.0
1990-11-16,0.3
1990-11-17,1.9
1990-11-18,1.1
1990-11-19,0.3
1990-11-20,2.7
1990-11-21,0.0
1990-11-22,0.0
1990-11-23,0.0
1990-11-24,7.4
1990-11-25,0.0
1990-11-26,7.4
1990-11-27,2.3
1990-11-28,0.0
1990-11-29,0.3
1990-11-30,0.0
1990-12-01,0.0
1990-12-02,0.0
1990-12-03,0.0
1990-12-04,0.0
1990-12-05,0.0
1990-12-06,0.0
1990-12-07,0.0
1990-12-08,1.9
1990-12-09,7.1
1990-12-10,7.0
1990-12-11,0.1
1990-12-12,0.8
1990-12-13,0.0
1990-12-14,0.0
1990-12-15,0.0
1990-12-16,0.4
1990-12-17,0.0
1990-12-18,0.0
1990-12-19,0.0
1990-12-20,0.0
1990-12-21,6.3
1990-12-22,0.3
1990-12-23,0.0
1990-12-24,0.4
1990-12-25,1.6
1990-12-26,14.0
1990-12-27,4.1
1990-12-28,0.0
1990-12-29,3.6
1990-12-30,11.0
1990-12-31,0.0
1991-01-01,3.0
1991-01-02,4.3
1991-01-03,6.7
1991-01-04,5.2
1991-01-05,2.4
1991-01-06,1.8
1991-01-07,8.2
1991-01-08,2.0
1991-01-09,5.6
1991-01-10,11.0
1991-01-11,4.5
1991-01-12,1.6
1991-01-13,0.0
1991-01-14,0.0
1991-01-15,0.0
1991-01-16,0.0
1991-01-17,0.0
1991-01-18,0.1
1991-01-19,6.9
1991-01-20,0.1
1991-01-21,0.0
1991-01-22,0.0
1991-01-23,0.0
1991-01-24,0.0
1991-01-25,0.0
1991-01-26,0.0
1991-01-27,0.0
1991-01-28,0.0
1991-01-29,0.0
1991-01-30,0.0
1991-01-31,0.0
1991-02-01,2.5
1991-02-02,5.5
1991-02-03,0.0
1991-02-04,0.0
1991-02-05,0.0
1991-02-06,0.0
1991-02-07,0.3
1991-02-08,11.5
1991-02-09,1.5
1991-02-10,0.7
1991-02-11,0.7
1991-02-12,0.0
1991-02-13,6.3
1991-02-14,0.0
1991-02-15,3.2
1991-02-16,0.4
1991-02-17,0.0
1991-02-18,0.0
1991-02-19,0.0
1991-02-20,0.0
1991-02-21,1.1
1991-02-22,1.3
1991-02-23,2.0
1991-02-24,0.0
1991-02-25,0.0
1991-02-26,0.0
1991-02-27,0.0
1991-02-28,8.8
1991-03-01,0.0
1991-03-02,0.0
1991-03-03,0.4
1991-03-04,0.0
1991-03-05,0.5
1991-03-06,8.0
1991-03-07,1.4
1991-03-08,1.8
1991-03-09,0.0
1991-03-10,0.0
1991-03-11,0.4
1991-03-12,0.0
1991-03-13,0.0
1991-03-14,0.0
1991-03-15,0.2
1991-03-16,0.3
1991-03-17,7.3
1991-03-18,0.0
1991-03-19,2.0
1991-03-20,0.0
1991-03-21,0.8
1991-03-22,0.0
1991-03-23,3.0
1991-03-24,0.0
1991-03-25,0.0
1991-03-26,0.0
1991-03-27,0.0
1991-03-28,0.0
1991-03-29,0.0
1991-03-30,0.0
1991-03-31,0.0
1991-04-01,0.0
1991-04-02,0.6
1991-04-03,1.0
1991-04-04,0.0
1991-04-05,5.9
1991-04-06,0.2
1991-04-07,3.4
1991-04-08,0.0
1991-04-09,0.0
1991-04-10,0.0
1991-04-11,0.0
1991-04-12,0.0
1991-04-13,0.0
1991-04-14,0.0
1991-04-15,0.0
1991-04-16,0.0
1991-04-17,0.0
1991-04-18,0.0
1991-04-19,6.5
1991-04-20,2.5
1991-04-21,0.0
1991-04-22,2.4
1991-04-23,0.0
1991-04-24,0.0
1991-04-25,0.0
1991-04-26,0.2
1991-04-27,0.0
1991-04-28,0.0
1991-04-29,0.0
1991-04-30,32.0
1991-05-01,4.1
1991-05-02,0.0
1991-05-03,0.4
1991-05-04,6.5
1991-05-05,3.9
1991-05-06,2.3
1991-05-07,0.0
1991-05-08,0.3
1991-05-09,0.5
1991-05-10,0.0
1991-05-11,0.0
1991-05-12,0.0
1991-05-13,0.0
1991-05-14,0.0
1991-05-15,0.0
1991-05-16,0.5
1991-05-17,1.6
1991-05-18,0.0
1991-05-19,0.0
1991-05-20,0.0
1991-05-21,0.0
1991-05-22,0.0
1991-05-23,0.0
1991-05-24,0.0
1991-05-25,0.0
1991-05-26,0.0
1991-05-27,0.0
1991-05-28,0.0
1991-05-29,0.0
1991-05-30,0.0
1991-05-31,0.0
1991-06-01,0.0
1991-06-02,0.0
1991-06-03,2.6
1991-06-04,1.1
1991-06-05,0.7
1991-06-06,9.2
1991-06-07,0.6
1991-06-08,4.1
1991-06-09,1.1
1991-06-10,0.0
1991-06-11,1.5
1991-06-12,2.6
1991-06-13,0.1
1991-06-14,1.5
1991-06-15,8.7
1991-06-16,2.5
1991-06-17,3.1
1991-06-18,0.0
1991-06-19,0.8
1991-06-20,0.4
1991-06-21,0.0
1991-06-22,0.1
1991-06-23,1.0
1991-06-24,13.6
1991-06-25,7.8
1991-06-26,6.5
1991-06-27,21.1
1991-06-28,4.9
1991-06-29,3.5
1991-06-30,1.1
1991-07-01,3.1
1991-07-02,0.2
1991-07-03,15.8
1991-07-04,0.0
1991-07-05,0.0
1991-07-06,0.1
1991-07-07,0.0
1991-07-08,0.0
1991-07-09,0.0
1991-07-10,0.0
1991-07-11,0.0
1991-07-12,0.0
1991-07-13,0.0
1991-07-14,0.1
1991-07-15,0.2
1991-07-16,0.0
1991-07-17,1.3
1991-07-18,12.8
1991-07-19,3.0
1991-07-20,0.0
1991-07-21,0.0
1991-07-22,0.0
1991-07-23,0.0
1991-07-24,1.0
1991-07-25,10.0
1991-07-26,0.0
1991-07-27,0.0
1991-07-28,0.0
1991-07-29,0.0
1991-07-30,0.0
1991-07-31,22.7
1991-08-01,0.0
1991-08-02,1.0
1991-08-03,0.0
1991-08-04,0.0
1991-08-05,0.3
1991-08-06,0.0
1991-08-07,0.0
1991-08-08,23.6
1991-08-09,0.0
1991-08-10,0.0
1991-08-11,0.0
1991-08-12,1.0
1991-08-13,0.0
1991-08-14,0.0
1991-08-15,0.0
1991-08-16,0.0
1991-08-17,0.0
1991-08-18,0.0
1991-08-19,0.0
1991-08-20,0.0
1991-08-21,0.0
1991-08-22,0.0
1991-08-23,0.2
1991-08-24,5.5
1991-08-25,0.0
1991-08-26,0.0
1991-08-27,0.0
1991-08-28,0.0
1991-08-29,0.0
1991-08-30,0.0
1991-08-31,0.0
1991-09-01,0.0
1991-09-02,0.0
1991-09-03,0.0
1991-09-04,0.0
1991-09-05,0.0
1991-09-06,0.0
1991-09-07,0.0
1991-09-08,0.0
1991-09-09,0.0
1991-09-10,0.0
1991-09-11,0.0
1991-09-12,0.0
1991-09-13,0.0
1991-09-14,0.0
1991-09-15,3.7
1991-09-16,2.8
1991-09-17,3.1
1991-09-18,0.0
1991-09-19,0.2
1991-09-20,0.0
1991-09-21,0.0
1991-09-22,8.7
1991-09-23,0.0
1991-09-24,0.0
1991-09-25,4.5
1991-09-26,0.0
1991-09-27,19.7
1991-09-28,0.0
1991-09-29,6.2
1991-09-30,0.4
1991-10-01,0.1
1991-10-02,0.0
1991-10-03,0.0
1991-10-04,0.3
1991-10-05,0.0
1991-10-06,1.9
1991-10-07,0.0
1991-10-08,0.0
1991-10-09,0.0
1991-10-10,0.3
1991-10-11,0.0
1991-10-12,0.0
1991-10-13,0.0
1991-10-14,0.5
1991-10-15,0.0
1991-10-16,0.0
1991-10-17,2.5
1991-10-18,0.2
1991-10-19,0.0
1991-10-20,0.0
1991-10-21,0.0
1991-10-22,0.0
1991-10-23,0.0
1991-10-24,0.0
1991-10-25,0.0
1991-10-26,0.2
1991-10-27,0.0
1991-10-28,0.1
1991-10-29,0.2
1991-10-30,7.7
1991-10-31,0.0
1991-11-01,4.2
1991-11-02,6.1
1991-11-03,6.2
1991-11-04,3.0
1991-11-05,3.2
1991-11-06,0.5
1991-11-07,0.0
1991-11-08,1.0
1991-11-09,1.4
1991-11-10,0.0
1991-11-11,2.6
1991-11-12,0.0
1991-11-13,5.4
1991-11-14,0.0
1991-11-15,0.0
1991-11-16,0.0
1991-11-17,0.0
1991-11-18,0.5
1991-11-19,12.5
1991-11-20,12.5
1991-11-21,0.0
1991-11-22,0.0
1991-11-23,0.0
1991-11-24,0.0
1991-11-25,0.0
1991-11-26,0.4
1991-11-27,0.0
1991-11-28,0.0
1991-11-29,0.0
1991-11-30,0.0
1991-12-01,0.0
1991-12-02,0.0
1991-12-03,0.0
1991-12-04,0.0
1991-12-05,0.0
1991-12-06,0.0
1991-12-07,0.0
1991-12-08,0.0
1991-12-09,0.0
1991-12-10,0.0
1991-12-11,0.0
1991-12-12,0.0
1991-12-13,0.0
1991-12-14,0.0
1991-12-15,0.0
1991-12-16,0.0
1991-12-17,0.3
1991-12-18,7.2
1991-12-19,2.7
1991-12-20,0.0
1991-12-21,1.9
1991-12-22,1.2
1991-12-23,0.0
1991-12-24,0.0
1991-12-25,0.0
1991-12-26,0.0
1991-12-27,0.0
1991-12-28,0.0
1991-12-29,0.0
1991-12-30,0.0
1991-12-31,0.0
1992-01-01,0.0
1992-01-02,0.0
1992-01-03,0.0
1992-01-04,2.8
1992-01-05,2.2
1992-01-06,0.0
1992-01-07,0.0
1992-01-08,1.4
1992-01-09,1.7
1992-01-10,0.8
1992-01-11,0.0
1992-01-12,0.0
1992-01-13,0.5
1992-01-14,0.0
1992-01-15,0.0
1992-01-16,0.0
1992-01-17,0.0
1992-01-18,0.0
1992-01-19,0.0
1992-01-20,0.0
1992-01-21,0.0
1992-01-22,0.0
1992-01-23,0.0
1992-01-24,0.0
1992-01-25,0.0
1992-01-26,0.8
1992-01-27,0.0
1992-01-28,0.0
1992-01-29,0.0
1992-01-30,0.0
1992-01-31,0.0
1992-02-01,0.0
1992-02-02,0.0
1992-02-03,1.3
1992-02-04,0.0
1992-02-05,0.2
1992-02-06,0.0
1992-02-07,0.0
1992-02-08,0.0
1992-02-09,0.0
1992-02-10,0.5
1992-02-11,8.0
1992-02-12,0.0
1992-02-13,1.4
1992-02-14,0.0
1992-02-15,1.6
1992-02-16,0.0
1992-02-17,0.0
1992-02-18,0.0
1992-02-19,0.0
1992-02-20,0.0
1992-02-21,0.0
1992-02-22,0.0
1992-02-23,0.0
1992-02-24,0.0
1992-02-25,0.0
1992-02-26,0.0
1992-02-27,0.0
1992-02-28,2.5
1992-02-29,0.0
1992-03-01,0.0
1992-03-02,5.2
1992-03-03,0.0
1992-03-04,0.0
1992-03-05,0.0
1992-03-06,0.6
1992-03-07,0.0
1992-03-08,0.2
1992-03-09,0.0
1992-03-10,0.2
1992-03-11,4.0
1992-03-12,0.6
1992-03-13,0.2
1992-03-14,1.2
1992-03-15,0.2
1992-03-16,1.4
1992-03-17,0.0
1992-03-18,0.0
1992-03-19,0.2
1992-03-20,0.0
1992-03-21,0.4
1992-03-22,3.2
1992-03-23,3.4
1992-03-24,4.4
1992-03-25,1.2
1992-03-26,6.4
1992-03-27,0.8
1992-03-28,0.4
1992-03-29,0.0
1992-03-30,1.6
1992-03-31,6.0
1992-04-01,0.0
1992-04-02,0.0
1992-04-03,0.2
1992-04-04,0.0
1992-04-05,0.0
1992-04-06,0.2
1992-04-07,1.8
1992-04-08,1.0
1992-04-09,0.0
1992-04-10,0.0
1992-04-11,0.0
1992-04-12,0.0
1992-04-13,0.0
1992-04-14,0.2
1992-04-15,13.0
1992-04-16,1.0
1992-04-17,3.2
1992-04-18,0.2
1992-04-19,0.0
1992-04-20,0.2
1992-04-21,0.0
1992-04-22,0.0
1992-04-23,0.2
1992-04-24,0.0
1992-04-25,1.6
1992-04-26,0.2
1992-04-27,4.2
1992-04-28,12.2
1992-04-29,6.4
1992-04-30,0.2
1992-05-01,12.6
1992-05-02,0.0
1992-05-03,0.4
1992-05-04,0.0
1992-05-05,0.0
1992-05-06,0.2
1992-05-07,0.0
1992-05-08,0.0
1992-05-09,2.6
1992-05-10,10.8
1992-05-11,0.0
1992-05-12,1.4
1992-05-13,0.0
1992-05-14,0.0
1992-05-15,0.0
1992-05-16,0.0
1992-05-17,0.0
1992-05-18,0.2
1992-05-19,0.0
1992-05-20,0.0
1992-05-21,0.0
1992-05-22,0.0
1992-05-23,0.0
1992-05-24,0.0
1992-05-25,0.0
1992-05-26,0.0
1992-05-27,0.0
1992-05-28,0.2
1992-05-29,14.4
1992-05-30,18.6
1992-05-31,0.0
1992-06-01,2.4
1992-06-02,0.2
1992-06-03,0.0
1992-06-04,0.0
1992-06-05,1.0
1992-06-06,9.2
1992-06-07,0.8
1992-06-08,0.0
1992-06-09,1.6
1992-06-10,14.4
1992-06-11,0.0
1992-06-12,0.0
1992-06-13,0.0
1992-06-14,0.0
1992-06-15,0.0
1992-06-16,0.0
1992-06-17,0.0
1992-06-18,0.0
1992-06-19,0.0
1992-06-20,14.4
1992-06-21,0.0
1992-06-22,0.0
1992-06-23,0.0
1992-06-24,0.2
1992-06-25,0.0
1992-06-26,0.0
1992-06-27,0.0
1992-06-28,0.0
1992-06-29,0.0
1992-06-30,0.6
1992-07-01,0.6
1992-07-02,2.4
1992-07-03,1.2
1992-07-04,17.4
1992-07-05,3.8
1992-07-06,0.2
1992-07-07,0.0
1992-07-08,0.2
1992-07-09,2.6
1992-07-10,1.8
1992-07-11,0.0
1992-07-12,2.2
1992-07-13,1.2
1992-07-14,3.2
1992-07-15,0.8
1992-07-16,0.4
1992-07-17,0.6
1992-07-18,0.0
1992-07-19,0.0
1992-07-20,0.4
1992-07-21,42.6
1992-07-22,0.0
1992-07-23,0.0
1992-07-24,0.0
1992-07-25,0.0
1992-07-26,0.0
1992-07-27,0.0
1992-07-28,0.0
1992-07-29,0.0
1992-07-30,0.0
1992-07-31,0.0
1992-08-01,0.0
1992-08-02,0.0
1992-08-03,0.0
1992-08-04,0.0
1992-08-05,0.0
1992-08-06,0.6
1992-08-07,0.0
1992-08-08,0.0
1992-08-09,0.4
1992-08-10,17.5
1992-08-11,0.0
1992-08-12,1.6
1992-08-13,5.8
1992-08-14,22.1
1992-08-15,0.0
1992-08-16,5.8
1992-08-17,0.0
1992-08-18,0.0
1992-08-19,0.0
1992-08-20,0.4
1992-08-21,1.2
1992-08-22,0.8
1992-08-23,0.4
1992-08-24,1.6
1992-08-25,14.0
1992-08-26,0.2
1992-08-27,0.4
1992-08-28,2.6
1992-08-29,0.0
1992-08-30,6.6
1992-08-31,1.8
1992-09-01,0.0
1992-09-02,1.0
1992-09-03,0.4
1992-09-04,4.0
1992-09-05,0.0
1992-09-06,0.6
1992-09-07,3.0
1992-09-08,0.0
1992-09-09,0.0
1992-09-10,0.0
1992-09-11,0.2
1992-09-12,0.2
1992-09-13,0.8
1992-09-14,7.2
1992-09-15,0.0
1992-09-16,0.0
1992-09-17,0.0
1992-09-18,2.8
1992-09-19,2.0
1992-09-20,0.0
1992-09-21,0.2
1992-09-22,1.0
1992-09-23,29.2
1992-09-24,5.0
1992-09-25,2.8
1992-09-26,1.8
1992-09-27,0.0
1992-09-28,0.0
1992-09-29,1.0
1992-09-30,1.6
1992-10-01,3.6
1992-10-02,0.0
1992-10-03,15.2
1992-10-04,3.4
1992-10-05,0.0
1992-10-06,0.0
1992-10-07,0.0
1992-10-08,0.0
1992-10-09,0.0
1992-10-10,0.0
1992-10-11,0.8
1992-10-12,0.2
1992-10-13,0.0
1992-10-14,0.0
1992-10-15,3.0
1992-10-16,0.2
1992-10-17,0.0
1992-10-18,0.2
1992-10-19,0.4
1992-10-20,30.0
1992-10-21,15.4
1992-10-22,0.0
1992-10-23,0.0
1992-10-24,0.0
1992-10-25,6.6
1992-10-26,8.8
1992-10-27,0.6
1992-10-28,8.0
1992-10-29,1.6
1992-10-30,0.0
1992-10-31,0.2
1992-11-01,0.0
1992-11-02,1.8
1992-11-03,5.0
1992-11-04,0.0
1992-11-05,0.0
1992-11-06,0.2
1992-11-07,0.0
1992-11-08,0.0
1992-11-09,0.4
1992-11-10,7.8
1992-11-11,4.0
1992-11-12,1.2
1992-11-13,0.0
1992-11-14,0.0
1992-11-15,7.5
1992-11-16,0.2
1992-11-17,5.0
1992-11-18,0.6
1992-11-19,4.2
1992-11-20,2.8
1992-11-21,0.0
1992-11-22,6.2
1992-11-23,1.4
1992-11-24,0.2
1992-11-25,8.2
1992-11-26,16.2
1992-11-27,0.0
1992-11-28,2.4
1992-11-29,11.6
1992-11-30,0.6
1992-12-01,2.2
1992-12-02,2.2
1992-12-03,3.6
1992-12-04,7.4
1992-12-05,0.6
1992-12-06,0.2
1992-12-07,3.0
1992-12-08,0.0
1992-12-09,0.0
1992-12-10,0.0
1992-12-11,0.0
1992-12-12,1.4
1992-12-13,0.0
1992-12-14,0.0
1992-12-15,0.0
1992-12-16,1.8
1992-12-17,4.4
1992-12-18,0.2
1992-12-19,8.0
1992-12-20,5.4
1992-12-21,0.0
1992-12-22,0.0
1992-12-23,0.2
1992-12-24,0.0
1992-12-25,0.0
1992-12-26,0.0
1992-12-27,0.0
1992-12-28,0.0
1992-12-29,0.0
1992-12-30,0.0
1992-12-31,0.0
1993-01-01,0.0
1993-01-02,0.2
1993-01-02,0.2
1993-01-03,0.0
1993-01-03,0.0
1993-01-04,1.4
1993-01-04,1.4
1993-01-05,0.2
1993-01-05,0.2
1993-01-06,4.0
1993-01-06,4.0
1993-01-07,7.2
1993-01-07,7.2
1993-01-08,0.2
1993-01-08,0.2
1993-01-09,0.0
1993-01-09,0.0
1993-01-10,5.0
1993-01-10,5.0
1993-01-11,12.2
1993-01-11,12.2
1993-01-12,1.2
1993-01-12,1.2
1993-01-13,0.6
1993-01-13,0.6
1993-01-14,5.4
1993-01-14,5.4
1993-01-15,2.8
1993-01-15,2.8
1993-01-16,0.8
1993-01-16,0.8
1993-01-17,0.0
1993-01-17,0.0
1993-01-18,0.0
1993-01-18,0.0
1993-01-19,1.0
1993-01-19,1.0
1993-01-20,0.8
1993-01-20,0.8
1993-01-21,0.0
1993-01-21,0.0
1993-01-22,0.6
1993-01-22,0.6
1993-01-23,3.6
1993-01-23,3.6
1993-01-24,2.0
1993-01-24,2.0
1993-01-25,0.6
1993-01-25,0.6
1993-01-26,0.0
1993-01-26,0.0
1993-01-27,5.8
1993-01-27,5.8
1993-01-28,1.6
1993-01-28,1.6
1993-01-29,0.4
1993-01-29,0.4
1993-01-30,0.2
1993-01-30,0.2
1993-01-31,0.2
1993-01-31,0.2
1993-02-01,0.2
1993-02-01,0.2
1993-02-02,0.0
1993-02-03,0.2
1993-02-04,0.0
1993-02-05,0.0
1993-02-06,0.0
1993-02-07,0.0
1993-02-08,1.0
1993-02-09,0.6
1993-02-10,0.0
1993-02-11,0.0
1993-02-12,0.0
1993-02-13,0.0
1993-02-14,0.0
1993-02-15,0.0
1993-02-16,0.0
1993-02-17,0.0
1993-02-18,0.0
1993-02-19,0.0
1993-02-20,0.0
1993-02-21,0.0
1993-02-22,0.0
1993-02-23,0.2
1993-02-24,0.0
1993-02-25,0.0
1993-02-26,1.8
1993-02-27,3.2
1993-02-28,0.0
1993-03-01,0.0
1993-03-02,0.0
1993-03-03,0.0
1993-03-04,0.2
1993-03-05,0.0
1993-03-06,0.0
1993-03-07,0.0
1993-03-08,0.0
1993-03-09,0.0
1993-03-10,0.0
1993-03-11,0.0
1993-03-12,0.0
1993-03-13,0.0
1993-03-14,0.0
1993-03-15,0.0
1993-03-16,0.0
1993-03-17,0.0
1993-03-18,0.0
1993-03-19,0.0
1993-03-20,0.0
1993-03-21,0.0
1993-03-22,7.4
1993-03-23,1.0
1993-03-24,0.0
1993-03-25,0.0
1993-03-26,0.0
1993-03-27,0.0
1993-03-28,0.0
1993-03-29,0.4
1993-03-30,0.0
1993-03-31,2.8
1993-04-01,7.2
1993-04-02,20.8
1993-04-02,20.8
1993-04-03,0.0
1993-04-03,0.0
1993-04-04,1.8
1993-04-04,1.8
1993-04-05,3.8
1993-04-05,3.8
1993-04-06,2.0
1993-04-06,2.0
1993-04-07,2.8
1993-04-07,2.8
1993-04-08,0.0
1993-04-08,0.0
1993-04-09,2.4
1993-04-09,2.4
1993-04-10,16.4
1993-04-10,16.4
1993-04-11,7.6
1993-04-11,7.6
1993-04-12,0.4
1993-04-12,0.4
1993-04-13,0.4
1993-04-13,0.4
1993-04-14,0.0
1993-04-14,0.0
1993-04-15,0.0
1993-04-15,0.0
1993-04-16,0.0
1993-04-16,0.0
1993-04-17,0.0
1993-04-17,0.0
1993-04-18,0.6
1993-04-18,0.6
1993-04-19,0.0
1993-04-19,0.0
1993-04-20,0.0
1993-04-20,0.0
1993-04-21,0.0
1993-04-21,0.0
1993-04-22,0.0
1993-04-22,0.0
1993-04-23,0.2
1993-04-23,0.2
1993-04-24,10.6
1993-04-24,10.6
1993-04-25,7.6
1993-04-25,7.6
1993-04-26,0.4
1993-04-26,0.4
1993-04-27,3.6
1993-04-27,3.6
1993-04-28,0.2
1993-04-28,0.2
1993-04-29,0.0
1993-04-29,0.0
1993-04-30,0.0
1993-04-30,0.0
1993-05-01,0.0
1993-05-01,0.0
1993-05-02,0.0
1993-05-03,0.0
1993-05-04,0.4
1993-05-05,0.0
1993-05-06,0.0
1993-05-07,0.0
1993-05-08,0.0
1993-05-09,1.4
1993-05-10,1.4
1993-05-11,0.0
1993-05-12,0.2
1993-05-13,0.0
1993-05-14,0.0
1993-05-15,2.0
1993-05-16,2.8
1993-05-17,0.6
1993-05-18,10.0
1993-05-19,0.0
1993-05-20,0.0
1993-05-21,10.2
1993-05-22,0.0
1993-05-23,0.0
1993-05-24,0.0
1993-05-25,0.0
1993-05-26,0.0
1993-05-27,6.8
1993-05-28,4.6
1993-05-29,0.4
1993-05-30,2.6
1993-05-31,0.0
1993-06-01,0.6
1993-06-02,1.6
1993-06-02,1.6
1993-06-03,10.4
1993-06-03,10.4
1993-06-04,0.0
1993-06-04,0.0
1993-06-05,0.0
1993-06-05,0.0
1993-06-06,0.0
1993-06-06,0.0
1993-06-07,0.2
1993-06-07,0.2
1993-06-08,0.0
1993-06-08,0.0
1993-06-09,0.0
1993-06-09,0.0
1993-06-10,0.0
1993-06-10,0.0
1993-06-11,1.2
1993-06-11,1.2
1993-06-12,11.6
1993-06-12,11.6
1993-06-13,3.2
1993-06-13,3.2
1993-06-14,3.0
1993-06-14,3.0
1993-06-15,6.4
1993-06-15,6.4
1993-06-16,2.6
1993-06-16,2.6
1993-06-17,11.8
1993-06-17,11.8
1993-06-18,0.0
1993-06-18,0.0
1993-06-19,0.4
1993-06-19,0.4
1993-06-20,0.0
1993-06-20,0.0
1993-06-21,0.0
1993-06-21,0.0
1993-06-22,0.0
1993-06-22,0.0
1993-06-23,0.0
1993-06-23,0.0
1993-06-24,0.0
1993-06-24,0.0
1993-06-25,0.0
1993-06-25,0.0
1993-06-26,0.0
1993-06-26,0.0
1993-06-27,0.2
1993-06-27,0.2
1993-06-28,0.0
1993-06-28,0.0
1993-06-29,0.0
1993-06-29,0.0
1993-06-30,0.0
1993-06-30,0.0
1993-07-01,0.0
1993-07-01,0.0
1993-07-02,0.0
1993-07-03,0.0
1993-07-04,0.0
1993-07-05,0.0
1993-07-06,0.0
1993-07-07,0.0
1993-07-08,0.0
1993-07-09,0.0
1993-07-10,8.0
1993-07-11,2.0
1993-07-12,0.0
1993-07-13,0.0
1993-07-14,7.2
1993-07-15,1.8
1993-07-16,3.4
1993-07-17,0.0
1993-07-18,0.0
1993-07-19,2.0
1993-07-20,1.2
1993-07-21,1.6
1993-07-22,0.0
1993-07-23,0.0
1993-07-24,1.2
1993-07-25,0.8
1993-07-26,0.0
1993-07-27,2.2
1993-07-28,2.2
1993-07-29,0.0
1993-07-30,0.0
1993-07-31,4.0
1993-08-01,0.0
1993-08-02,0.0
1993-08-02,0.0
1993-08-03,0.0
1993-08-03,0.0
1993-08-04,0.0
1993-08-04,0.0
1993-08-05,1.0
1993-08-05,1.0
1993-08-06,0.0
1993-08-06,0.0
1993-08-07,0.0
1993-08-07,0.0
1993-08-08,0.0
1993-08-08,0.0
1993-08-09,0.4
1993-08-09,0.4
1993-08-10,1.4
1993-08-10,1.4
1993-08-11,0.0
1993-08-11,0.0
1993-08-12,16.0
1993-08-12,16.0
1993-08-13,0.0
1993-08-13,0.0
1993-08-14,0.0
1993-08-14,0.0
1993-08-15,0.0
1993-08-15,0.0
1993-08-16,0.0
1993-08-16,0.0
1993-08-17,0.0
1993-08-17,0.0
1993-08-18,0.0
1993-08-18,0.0
1993-08-19,0.0
1993-08-19,0.0
1993-08-20,0.0
1993-08-20,0.0
1993-08-21,0.0
1993-08-21,0.0
1993-08-22,6.6
1993-08-22,6.6
1993-08-23,0.6
1993-08-23,0.6
1993-08-24,0.0
1993-08-24,0.0
1993-08-25,0.0
1993-08-25,0.0
1993-08-26,0.0
1993-08-26,0.0
1993-08-27,0.0
1993-08-27,0.0
1993-08-28,0.0
1993-08-28,0.0
1993-08-29,0.0
1993-08-29,0.0
1993-08-30,0.0
1993-08-30,0.0
1993-08-31,0.0
1993-08-31,0.0
1993-09-01,0.0
1993-09-01,0.0
1993-09-02,0.0
1993-09-02,0.0
1993-09-03,0.0
1993-09-03,0.0
1993-09-04,0.0
1993-09-04,0.0
1993-09-05,0.0
1993-09-05,0.0
1993-09-06,0.0
1993-09-06,0.0
1993-09-07,0.0
1993-09-07,0.0
1993-09-08,6.2
1993-09-08,6.2
1993-09-09,3.2
1993-09-09,3.2
1993-09-10,1.4
1993-09-10,1.4
1993-09-11,0.6
1993-09-11,0.6
1993-09-12,0.2
1993-09-12,0.2
1993-09-13,9.8
1993-09-13,9.8
1993-09-14,18.0
1993-09-14,18.0
1993-09-15,0.0
1993-09-15,0.0
1993-09-16,3.0
1993-09-16,3.0
1993-09-17,2.8
1993-09-17,2.8
1993-09-18,0.0
1993-09-18,0.0
1993-09-19,0.0
1993-09-19,0.0
1993-09-20,0.0
1993-09-20,0.0
1993-09-21,6.8
1993-09-21,6.8
1993-09-22,0.2
1993-09-22,0.2
1993-09-23,5.2
1993-09-23,5.2
1993-09-24,0.0
1993-09-24,0.0
1993-09-25,0.2
1993-09-25,0.2
1993-09-26,0.6
1993-09-26,0.6
1993-09-27,1.4
1993-09-27,1.4
1993-09-28,8.2
1993-09-28,8.2
1993-09-29,5.0
1993-09-29,5.0
1993-09-30,4.0
1993-09-30,4.0
1993-10-01,11.6
1993-10-01,11.6
1993-10-02,38.6
1993-10-02,38.1
1993-10-03,6.6
1993-10-03,8.0
1993-10-04,2.6
1993-10-04,2.4
1993-10-05,3.9
1993-10-05,6.0
1993-10-06,2.3
1993-10-06,2.8
1993-10-07,7.4
1993-10-07,8.0
1993-10-08,1.4
1993-10-08,1.6
1993-10-09,0.6
1993-10-09,0.6
1993-10-10,1.0
1993-10-10,1.0
1993-10-11,7.8
1993-10-11,7.8
1993-10-12,7.4
1993-10-12,7.4
1993-10-13,14.4
1993-10-13,14.4
1993-10-14,0.2
1993-10-14,0.2
1993-10-15,0.0
1993-10-15,0.0
1993-10-16,0.0
1993-10-16,0.0
1993-10-17,0.0
1993-10-17,0.0
1993-10-18,0.0
1993-10-18,0.0
1993-10-19,0.0
1993-10-19,0.0
1993-10-20,0.0
1993-10-20,0.0
1993-10-21,0.0
1993-10-21,0.0
1993-10-22,0.0
1993-10-22,0.0
1993-10-23,0.0
1993-10-23,0.0
1993-10-24,0.0
1993-10-24,0.0
1993-10-25,0.6
1993-10-25,0.6
1993-10-26,0.0
1993-10-26,0.0
1993-10-27,0.0
1993-10-27,0.0
1993-10-28,0.4
1993-10-28,0.4
1993-10-29,0.0
1993-10-29,0.0
1993-10-30,0.0
1993-10-30,0.0
1993-10-31,0.0
1993-10-31,0.0
1993-11-01,0.0
1993-11-01,0.0
1993-11-02,0.2
1993-11-02,0.2
1993-11-03,0.0
1993-11-03,0.0
1993-11-04,0.0
1993-11-04,0.0
1993-11-05,0.2
1993-11-05,0.2
1993-11-06,0.0
1993-11-06,0.0
1993-11-07,0.0
1993-11-07,0.0
1993-11-08,0.0
1993-11-08,0.0
1993-11-09,0.0
1993-11-09,0.0
1993-11-10,7.2
1993-11-10,7.2
1993-11-11,2.0
1993-11-11,2.0
1993-11-12,0.2
1993-11-12,0.2
1993-11-13,7.0
1993-11-13,7.0
1993-11-14,7.8
1993-11-14,7.8
1993-11-15,0.2
1993-11-15,0.2
1993-11-16,0.0
1993-11-16,0.0
1993-11-17,0.0
1993-11-17,0.0
1993-11-18,0.0
1993-11-18,0.0
1993-11-19,0.0
1993-11-19,0.0
1993-11-20,0.2
1993-11-20,0.2
1993-11-21,0.2
1993-11-21,0.2
1993-11-22,1.8
1993-11-22,1.8
1993-11-23,0.2
1993-11-23,0.2
1993-11-24,0.0
1993-11-24,0.0
1993-11-25,0.0
1993-11-25,0.0
1993-11-26,0.0
1993-11-26,0.0
1993-11-27,0.0
1993-11-27,0.0
1993-11-28,0.0
1993-11-28,0.0
1993-11-29,0.0
1993-11-29,0.0
1993-11-30,6.0
1993-11-30,5.2
1993-12-01,0.4
1993-12-01,0.4
1993-12-02,0.2
1993-12-03,0.0
1993-12-04,0.2
1993-12-05,1.2
1993-12-06,0.0
1993-12-07,4.2
1993-12-08,3.6
1993-12-09,2.4
1993-12-10,1.0
1993-12-11,0.0
1993-12-12,0.0
1993-12-13,9.2
1993-12-14,1.0
1993-12-15,4.4
1993-12-16,0.2
1993-12-17,0.2
1993-12-18,0.4
1993-12-19,7.6
1993-12-20,7.6
1993-12-21,3.8
1993-12-22,1.0
1993-12-23,4.0
1993-12-24,2.6
1993-12-25,0.0
1993-12-26,0.0
1993-12-27,0.0
1993-12-28,1.6
1993-12-29,1.6
1993-12-30,3.8
1993-12-31,11.6
1994-01-01,0.0
1994-01-02,5.6
1994-01-03,1.8
1994-01-04,9.4
1994-01-05,5.8
1994-01-06,2.4
1994-01-07,10.4
1994-01-08,0.1
1994-01-09,1.7
1994-01-10,15.6
1994-01-11,0.3
1994-01-12,2.5
1994-01-13,3.5
1994-01-14,2.4
1994-01-15,1.6
1994-01-16,0.2
1994-01-17,0.2
1994-01-18,0.2
1994-01-19,3.6
1994-01-20,0.2
1994-01-21,0.0
1994-01-22,0.0
1994-01-23,1.4
1994-01-24,0.6
1994-01-25,0.8
1994-01-26,2.4
1994-01-27,0.0
1994-01-28,2.2
1994-01-29,0.4
1994-01-30,0.6
1994-01-31,0.0
1994-02-01,0.0
1994-02-02,2.6
1994-02-02,2.6
1994-02-03,5.2
1994-02-03,5.2
1994-02-04,3.8
1994-02-04,3.8
1994-02-05,0.2
1994-02-05,0.2
1994-02-06,0.0
1994-02-06,0.0
1994-02-07,4.2
1994-02-07,4.2
1994-02-08,0.2
1994-02-08,0.0
1994-02-09,1.2
1994-02-09,1.2
1994-02-10,0.0
1994-02-10,0.0
1994-02-11,0.6
1994-02-11,0.6
1994-02-12,0.8
1994-02-12,0.8
1994-02-13,0.0
1994-02-13,0.0
1994-02-14,0.0
1994-02-14,0.0
1994-02-15,2.0
1994-02-15,2.0
1994-02-16,0.2
1994-02-16,0.2
1994-02-17,0.0
1994-02-17,0.0
1994-02-18,0.0
1994-02-18,0.0
1994-02-19,0.0
1994-02-19,0.0
1994-02-20,0.0
1994-02-20,0.0
1994-02-21,0.0
1994-02-21,0.0
1994-02-22,0.4
1994-02-22,0.4
1994-02-23,9.0
1994-02-23,9.0
1994-02-24,2.2
1994-02-24,2.2
1994-02-25,0.0
1994-02-25,0.0
1994-02-26,1.8
1994-02-26,1.8
1994-02-27,0.0
1994-02-27,0.0
1994-02-28,0.4
1994-02-28,0.4
1994-03-01,1.2
1994-03-01,1.2
1994-03-02,3.0
1994-03-02,3.0
1994-03-03,0.0
1994-03-03,0.0
1994-03-04,1.0
1994-03-04,1.0
1994-03-05,0.0
1994-03-05,0.0
1994-03-06,0.0
1994-03-06,0.0
1994-03-07,0.0
1994-03-07,0.0
1994-03-08,1.4
1994-03-08,1.4
1994-03-09,0.0
1994-03-09,0.0
1994-03-10,1.2
1994-03-10,0.0
1994-03-11,0.0
1994-03-11,0.0
1994-03-12,0.0
1994-03-12,0.0
1994-03-13,1.4
1994-03-13,1.2
1994-03-14,0.0
1994-03-14,0.0
1994-03-15,2.2
1994-03-15,2.2
1994-03-16,2.0
1994-03-16,2.0
1994-03-17,0.4
1994-03-17,0.4
1994-03-18,1.4
1994-03-18,1.4
1994-03-19,8.0
1994-03-19,8.0
1994-03-20,0.0
1994-03-20,0.0
1994-03-21,0.0
1994-03-21,0.0
1994-03-22,0.8
1994-03-22,0.8
1994-03-23,3.9
1994-03-23,3.8
1994-03-24,0.4
1994-03-24,0.7
1994-03-25,0.4
1994-03-25,0.4
1994-03-26,2.2
1994-03-26,2.2
1994-03-27,0.0
1994-03-27,0.0
1994-03-28,0.0
1994-03-28,0.0
1994-03-29,0.0
1994-03-29,0.0
1994-03-30,0.0
1994-03-30,0.0
1994-03-31,4.6
1994-03-31,4.6
1994-04-01,7.4
1994-04-01,7.4
1994-04-02,1.0
1994-04-02,1.0
1994-04-03,1.6
1994-04-03,1.6
1994-04-04,8.6
1994-04-04,8.6
1994-04-05,0.2
1994-04-05,0.2
1994-04-06,0.4
1994-04-06,0.4
1994-04-07,1.2
1994-04-07,1.0
1994-04-08,2.6
1994-04-08,2.6
1994-04-09,11.0
1994-04-09,10.0
1994-04-10,5.0
1994-04-10,4.8
1994-04-11,1.2
1994-04-11,1.0
1994-04-12,0.0
1994-04-12,0.0
1994-04-13,6.6
1994-04-13,6.8
1994-04-14,0.0
1994-04-14,0.0
1994-04-15,3.0
1994-04-15,3.0
1994-04-16,3.0
1994-04-16,3.0
1994-04-17,0.0
1994-04-17,0.0
1994-04-18,0.0
1994-04-18,0.0
1994-04-19,0.0
1994-04-19,0.0
1994-04-20,0.0
1994-04-20,0.0
1994-04-21,0.0
1994-04-21,0.0
1994-04-22,0.2
1994-04-22,0.2
1994-04-23,2.4
1994-04-23,2.4
1994-04-24,1.2
1994-04-24,1.2
1994-04-25,0.2
1994-04-25,0.2
1994-04-26,0.0
1994-04-26,0.0
1994-04-27,1.0
1994-04-27,1.0
1994-04-28,0.0
1994-04-28,0.0
1994-04-29,0.0
1994-04-29,0.0
1994-04-30,0.0
1994-04-30,0.0
1994-05-01,0.0
1994-05-01,0.0
1994-05-02,0.0
1994-05-02,0.0
1994-05-03,0.0
1994-05-03,0.0
1994-05-04,0.0
1994-05-04,0.0
1994-05-05,2.2
1994-05-05,2.2
1994-05-06,2.4
1994-05-06,2.4
1994-05-07,0.2
1994-05-07,0.2
1994-05-08,10.4
1994-05-08,10.4
1994-05-09,0.0
1994-05-09,0.0
1994-05-10,0.0
1994-05-10,0.0
1994-05-11,0.0
1994-05-11,0.0
1994-05-12,2.2
1994-05-12,2.2
1994-05-13,2.2
1994-05-13,2.2
1994-05-14,0.0
1994-05-14,0.0
1994-05-15,11.8
1994-05-15,11.8
1994-05-16,0.0
1994-05-16,0.0
1994-05-17,11.2
1994-05-17,11.2
1994-05-18,2.8
1994-05-18,2.8
1994-05-19,0.0
1994-05-19,0.0
1994-05-20,0.2
1994-05-20,0.2
1994-05-21,7.0
1994-05-21,7.0
1994-05-22,14.8
1994-05-22,14.8
1994-05-23,1.2
1994-05-23,1.2
1994-05-24,0.0
1994-05-24,0.0
1994-05-25,0.8
1994-05-25,0.8
1994-05-26,6.0
1994-05-26,6.0
1994-05-27,0.4
1994-05-27,0.4
1994-05-28,0.2
1994-05-28,0.2
1994-05-29,0.0
1994-05-29,0.0
1994-05-30,0.0
1994-05-30,0.0
1994-05-31,0.0
1994-05-31,0.0
1994-06-01,0.2
1994-06-01,0.2
1994-06-02,0.0
1994-06-02,0.0
1994-06-03,0.4
1994-06-03,0.4
1994-06-04,1.0
1994-06-04,1.0
1994-06-05,7.8
1994-06-05,7.8
1994-06-06,0.0
1994-06-06,0.0
1994-06-07,0.0
1994-06-07,0.0
1994-06-08,1.8
1994-06-08,1.8
1994-06-09,0.6
1994-06-09,0.6
1994-06-10,0.0
1994-06-10,0.0
1994-06-11,0.0
1994-06-11,0.0
1994-06-12,0.0
1994-06-12,0.0
1994-06-13,0.0
1994-06-13,0.0
1994-06-14,0.0
1994-06-14,0.0
1994-06-15,0.0
1994-06-15,0.0
1994-06-16,0.0
1994-06-16,0.0
1994-06-17,0.0
1994-06-17,0.0
1994-06-18,0.0
1994-06-18,0.0
1994-06-19,0.0
1994-06-19,0.0
1994-06-20,0.0
1994-06-20,0.0
1994-06-21,1.2
1994-06-21,1.2
1994-06-22,0.0
1994-06-22,0.0
1994-06-23,0.0
1994-06-23,0.0
1994-06-24,0.0
1994-06-24,0.0
1994-06-25,5.0
1994-06-25,5.0
1994-06-26,0.0
1994-06-26,0.0
1994-06-27,0.0
1994-06-27,0.0
1994-06-28,0.0
1994-06-28,0.0
1994-06-29,0.0
1994-06-29,0.0
1994-06-30,0.0
1994-06-30,0.0
1994-07-01,0.0
1994-07-01,0.0
1994-07-02,0.0
1994-07-02,0.0
1994-07-03,0.0
1994-07-03,0.0
1994-07-04,3.4
1994-07-04,3.4
1994-07-05,0.0
1994-07-05,0.0
1994-07-06,0.0
1994-07-06,0.0
1994-07-07,0.8
1994-07-07,0.8
1994-07-08,2.2
1994-07-08,2.2
1994-07-09,0.4
1994-07-09,0.4
1994-07-10,0.0
1994-07-10,0.0
1994-07-11,0.0
1994-07-11,0.0
1994-07-12,0.0
1994-07-12,0.0
1994-07-13,6.6
1994-07-13,5.4
1994-07-14,0.0
1994-07-14,0.0
1994-07-15,0.0
1994-07-15,0.0
1994-07-16,0.0
1994-07-16,0.0
1994-07-17,0.0
1994-07-17,0.0
1994-07-18,0.0
1994-07-18,0.0
1994-07-19,0.0
1994-07-19,0.0
1994-07-20,0.0
1994-07-20,0.0
1994-07-21,0.0
1994-07-21,0.0
1994-07-22,0.0
1994-07-22,0.0
1994-07-23,0.0
1994-07-23,0.0
1994-07-24,0.0
1994-07-24,0.0
1994-07-25,0.0
1994-07-25,0.0
1994-07-26,0.0
1994-07-26,0.0
1994-07-27,0.2
1994-07-27,0.2
1994-07-28,4.6
1994-07-28,4.8
1994-07-29,0.4
1994-07-29,0.4
1994-07-30,0.0
1994-07-30,0.0
1994-07-31,0.0
1994-07-31,0.0
1994-08-01,0.0
1994-08-01,0.0
1994-08-02,0.0
1994-08-02,0.0
1994-08-03,0.2
1994-08-03,0.2
1994-08-04,0.8
1994-08-04,0.8
1994-08-05,1.2
1994-08-05,1.2
1994-08-06,0.0
1994-08-06,0.0
1994-08-07,0.0
1994-08-07,0.0
1994-08-08,0.0
1994-08-08,0.0
1994-08-09,0.0
1994-08-09,0.0
1994-08-10,0.0
1994-08-10,0.0
1994-08-11,39.6
1994-08-11,39.4
1994-08-12,6.0
1994-08-12,6.0
1994-08-13,0.0
1994-08-13,0.0
1994-08-14,0.0
1994-08-14,0.0
1994-08-15,0.0
1994-08-15,0.0
1994-08-16,0.0
1994-08-16,0.0
1994-08-17,0.6
1994-08-17,0.6
1994-08-18,0.2
1994-08-18,0.2
1994-08-19,1.8
1994-08-19,1.8
1994-08-20,0.0
1994-08-20,0.0
1994-08-21,0.0
1994-08-21,0.0
1994-08-22,0.0
1994-08-22,0.0
1994-08-23,0.0
1994-08-23,0.0
1994-08-24,1.8
1994-08-24,1.8
1994-08-25,1.2
1994-08-25,1.2
1994-08-26,1.6
1994-08-26,1.6
1994-08-27,0.2
1994-08-27,0.2
1994-08-28,0.0
1994-08-28,0.0
1994-08-29,0.0
1994-08-29,0.0
1994-08-30,0.0
1994-08-30,0.0
1994-08-31,0.4
1994-08-31,0.4
1994-09-01,8.0
1994-09-01,8.0
1994-09-02,1.2
1994-09-02,1.2
1994-09-03,0.0
1994-09-03,0.0
1994-09-04,3.8
1994-09-04,3.8
1994-09-05,0.2
1994-09-05,0.2
1994-09-06,0.0
1994-09-06,0.0
1994-09-07,0.0
1994-09-07,0.0
1994-09-08,14.0
1994-09-08,14.0
1994-09-09,0.2
1994-09-09,0.2
1994-09-10,3.2
1994-09-10,3.2
1994-09-11,0.8
1994-09-11,0.8
1994-09-12,5.0
1994-09-12,5.0
1994-09-13,0.0
1994-09-13,0.0
1994-09-14,4.8
1994-09-14,4.8
1994-09-15,2.0
1994-09-15,2.0
1994-09-16,11.2
1994-09-16,11.2
1994-09-17,0.2
1994-09-17,0.2
1994-09-18,0.0
1994-09-18,0.0
1994-09-19,2.8
1994-09-19,2.8
1994-09-20,9.0
1994-09-20,9.0
1994-09-21,1.6
1994-09-21,1.6
1994-09-22,0.8
1994-09-22,0.8
1994-09-23,0.0
1994-09-23,0.0
1994-09-24,0.2
1994-09-24,0.2
1994-09-25,0.0
1994-09-25,0.0
1994-09-26,0.0
1994-09-26,0.0
1994-09-27,0.0
1994-09-27,0.0
1994-09-28,0.0
1994-09-28,0.0
1994-09-29,0.0
1994-09-29,0.0
1994-09-30,0.0
1994-09-30,0.0
1994-10-01,0.0
1994-10-01,0.0
1994-10-02,0.8
1994-10-03,4.0
1994-10-04,0.2
1994-10-05,0.0
1994-10-06,0.0
1994-10-07,0.0
1994-10-08,0.0
1994-10-09,0.0
1994-10-10,0.0
1994-10-11,0.0
1994-10-12,0.0
1994-10-13,0.0
1994-10-14,0.0
1994-10-15,0.0
1994-10-16,0.0
1994-10-17,0.0
1994-10-18,0.0
1994-10-19,0.0
1994-10-20,5.2
1994-10-21,1.2
1994-10-22,6.6
1994-10-23,7.8
1994-10-24,0.0
1994-10-25,4.8
1994-10-26,5.0
1994-10-27,0.0
1994-10-28,1.0
1994-10-29,7.8
1994-10-30,8.2
1994-10-31,17.2
1994-11-01,7.8
1994-11-02,0.0
1994-11-02,0.0
1994-11-03,0.0
1994-11-03,0.0
1994-11-04,0.8
1994-11-04,0.8
1994-11-05,11.2
1994-11-05,11.2
1994-11-06,2.2
1994-11-06,2.2
1994-11-07,0.2
1994-11-07,0.2
1994-11-08,0.0
1994-11-08,0.0
1994-11-09,0.8
1994-11-09,0.8
1994-11-10,4.6
1994-11-10,4.6
1994-11-11,0.0
1994-11-11,0.0
1994-11-12,2.0
1994-11-12,2.0
1994-11-13,3.4
1994-11-13,3.4
1994-11-14,0.2
1994-11-14,0.2
1994-11-15,0.0
1994-11-15,0.0
1994-11-16,0.0
1994-11-16,0.0
1994-11-17,0.2
1994-11-17,0.2
1994-11-18,1.8
1994-11-18,1.8
1994-11-19,4.8
1994-11-19,4.8
1994-11-20,0.0
1994-11-20,0.0
1994-11-21,0.0
1994-11-21,0.0
1994-11-22,0.0
1994-11-22,0.0
1994-11-23,0.0
1994-11-23,0.0
1994-11-24,0.0
1994-11-24,0.0
1994-11-25,0.0
1994-11-25,0.0
1994-11-26,0.2
1994-11-26,0.2
1994-11-27,0.0
1994-11-27,0.0
1994-11-28,0.0
1994-11-28,0.0
1994-11-29,0.2
1994-11-29,0.2
1994-11-30,0.4
1994-11-30,0.4
1994-12-01,0.2
1994-12-01,0.2
1994-12-02,0.0
1994-12-02,0.0
1994-12-03,0.0
1994-12-03,0.0
1994-12-04,5.6
1994-12-04,5.6
1994-12-05,0.0
1994-12-05,0.0
1994-12-06,1.4
1994-12-06,1.4
1994-12-07,3.2
1994-12-07,3.2
1994-12-08,5.6
1994-12-08,5.6
1994-12-09,14.6
1994-12-09,14.6
1994-12-10,0.2
1994-12-10,0.2
1994-12-11,0.0
1994-12-11,0.0
1994-12-12,0.0
1994-12-12,0.0
1994-12-13,0.0
1994-12-13,0.0
1994-12-14,2.0
1994-12-14,2.0
1994-12-15,0.0
1994-12-15,0.0
1994-12-16,0.2
1994-12-16,0.2
1994-12-17,0.0
1994-12-17,0.0
1994-12-18,6.4
1994-12-18,6.4
1994-12-19,0.2
1994-12-19,0.2
1994-12-20,0.0
1994-12-20,0.0
1994-12-21,0.8
1994-12-21,0.8
1994-12-22,0.0
1994-12-22,0.0
1994-12-23,0.2
1994-12-23,0.2
1994-12-24,0.2
1994-12-24,0.2
1994-12-25,0.0
1994-12-25,0.0
1994-12-26,2.6
1994-12-26,2.6
1994-12-27,4.0
1994-12-27,4.0
1994-12-28,2.8
1994-12-28,2.8
1994-12-29,1.8
1994-12-29,1.8
1994-12-30,5.4
1994-12-30,5.4
1994-12-31,0.2
1994-12-31,0.2
1995-01-01,2.4
1995-01-01,2.4
1995-01-02,1.0
1995-01-02,1.0
1995-01-03,0.0
1995-01-03,0.0
1995-01-04,0.0
1995-01-04,0.0
1995-01-05,1.4
1995-01-05,0.2
1995-01-06,3.7
1995-01-06,3.8
1995-01-07,0.0
1995-01-07,0.0
1995-01-08,0.2
1995-01-08,0.0
1995-01-09,2.5
1995-01-09,2.4
1995-01-10,0.0
1995-01-10,0.0
1995-01-11,2.9
1995-01-11,3.0
1995-01-12,0.0
1995-01-12,0.0
1995-01-13,0.0
1995-01-13,0.0
1995-01-14,0.5
1995-01-14,0.1
1995-01-15,0.2
1995-01-15,0.2
1995-01-16,0.0
1995-01-16,0.0
1995-01-17,2.2
1995-01-17,2.2
1995-01-18,12.6
1995-01-18,12.6
1995-01-19,0.6
1995-01-19,0.6
1995-01-20,13.2
1995-01-20,13.2
1995-01-21,2.6
1995-01-21,2.6
1995-01-22,11.4
1995-01-22,11.4
1995-01-23,9.0
1995-01-23,9.0
1995-01-24,0.0
1995-01-24,0.0
1995-01-25,3.8
1995-01-25,3.8
1995-01-26,10.6
1995-01-26,10.6
1995-01-27,0.4
1995-01-27,0.4
1995-01-28,6.4
1995-01-28,6.4
1995-01-29,3.2
1995-01-29,3.2
1995-01-30,18.2
1995-01-30,18.2
1995-01-31,2.0
1995-01-31,2.0
1995-02-01,5.6
1995-02-01,5.6
1995-02-02,3.8
1995-02-02,3.8
1995-02-03,0.0
1995-02-03,0.0
1995-02-04,0.0
1995-02-04,0.0
1995-02-05,0.0
1995-02-05,0.0
1995-02-06,0.0
1995-02-06,0.0
1995-02-07,0.0
1995-02-07,0.0
1995-02-08,3.2
1995-02-08,3.2
1995-02-09,4.0
1995-02-09,4.0
1995-02-10,4.2
1995-02-10,4.2
1995-02-11,3.0
1995-02-11,3.0
1995-02-12,2.4
1995-02-12,2.4
1995-02-13,1.0
1995-02-13,1.0
1995-02-14,4.6
1995-02-14,4.6
1995-02-15,2.8
1995-02-15,2.8
1995-02-16,2.4
1995-02-16,2.4
1995-02-17,5.2
1995-02-17,5.2
1995-02-18,0.2
1995-02-18,0.2
1995-02-19,2.8
1995-02-19,2.8
1995-02-20,2.4
1995-02-20,2.4
1995-02-21,5.0
1995-02-21,5.0
1995-02-22,0.8
1995-02-22,0.8
1995-02-23,8.2
1995-02-23,8.2
1995-02-24,3.6
1995-02-24,3.4
1995-02-25,0.6
1995-02-25,0.6
1995-02-26,0.2
1995-02-26,0.2
1995-02-27,0.0
1995-02-27,0.0
1995-02-28,1.4
1995-02-28,1.4
1995-03-01,2.8
1995-03-01,2.8
1995-03-02,0.0
1995-03-02,1.8
1995-03-03,6.6
1995-03-03,6.6
1995-03-04,0.2
1995-03-04,0.2
1995-03-05,3.6
1995-03-05,3.6
1995-03-06,0.2
1995-03-06,0.2
1995-03-07,1.6
1995-03-07,1.6
1995-03-08,12.6
1995-03-08,12.6
1995-03-09,0.2
1995-03-09,0.2
1995-03-10,0.0
1995-03-10,0.0
1995-03-11,0.2
1995-03-11,0.2
1995-03-12,1.2
1995-03-12,1.2
1995-03-13,0.0
1995-03-13,0.0
1995-03-14,0.0
1995-03-14,0.0
1995-03-15,4.2
1995-03-15,4.2
1995-03-16,1.2
1995-03-16,1.2
1995-03-17,4.0
1995-03-17,4.0
1995-03-18,3.0
1995-03-18,3.0
1995-03-19,0.2
1995-03-19,0.4
1995-03-20,0.4
1995-03-20,0.4
1995-03-21,0.0
1995-03-21,0.0
1995-03-22,0.0
1995-03-22,0.0
1995-03-23,0.0
1995-03-23,0.0
1995-03-24,0.0
1995-03-24,0.0
1995-03-25,1.8
1995-03-25,1.8
1995-03-26,0.0
1995-03-26,0.0
1995-03-27,1.0
1995-03-27,1.0
1995-03-28,0.2
1995-03-28,0.2
1995-03-29,10.0
1995-03-29,10.0
1995-03-30,0.0
1995-03-30,0.0
1995-03-31,0.0
1995-03-31,0.0
1995-04-01,0.0
1995-04-01,0.0
1995-04-02,0.0
1995-04-03,0.0
1995-04-04,0.0
1995-04-05,0.0
1995-04-06,0.0
1995-04-07,0.0
1995-04-08,0.0
1995-04-09,0.0
1995-04-10,0.0
1995-04-11,0.0
1995-04-12,0.0
1995-04-13,0.0
1995-04-14,0.0
1995-04-15,0.0
1995-04-16,0.0
1995-04-17,0.0
1995-04-18,0.4
1995-04-19,0.2
1995-04-20,0.0
1995-04-21,0.2
1995-04-22,1.6
1995-04-23,1.0
1995-04-24,3.4
1995-04-25,0.0
1995-04-26,4.8
1995-04-27,0.0
1995-04-28,0.0
1995-04-29,0.0
1995-04-30,0.0
1995-05-01,0.0
1995-05-02,0.0
1995-05-02,0.0
1995-05-03,0.0
1995-05-03,0.0
1995-05-04,0.0
1995-05-04,0.0
1995-05-05,0.0
1995-05-05,0.0
1995-05-06,0.0
1995-05-06,0.0
1995-05-07,0.0
1995-05-07,0.0
1995-05-08,0.0
1995-05-08,0.0
1995-05-09,0.0
1995-05-09,0.0
1995-05-10,0.0
1995-05-10,0.0
1995-05-11,0.0
1995-05-11,0.0
1995-05-12,0.0
1995-05-12,0.0
1995-05-13,0.2
1995-05-13,0.2
1995-05-14,0.0
1995-05-14,0.0
1995-05-15,0.0
1995-05-15,0.0
1995-05-16,0.0
1995-05-16,0.0
1995-05-17,8.6
1995-05-17,8.6
1995-05-18,9.2
1995-05-18,9.2
1995-05-19,1.0
1995-05-19,1.0
1995-05-20,4.4
1995-05-20,4.4
1995-05-21,0.0
1995-05-21,0.0
1995-05-22,0.0
1995-05-22,0.0
1995-05-23,0.0
1995-05-23,0.0
1995-05-24,0.0
1995-05-24,0.0
1995-05-25,0.2
1995-05-25,0.2
1995-05-26,0.0
1995-05-26,0.0
1995-05-27,0.2
1995-05-27,0.2
1995-05-28,1.8
1995-05-28,1.8
1995-05-29,0.0
1995-05-29,0.0
1995-05-30,0.0
1995-05-30,0.0
1995-05-31,1.6
1995-05-31,1.6
1995-06-01,0.0
1995-06-01,0.0
1995-06-02,0.0
1995-06-02,0.0
1995-06-03,0.0
1995-06-03,0.0
1995-06-04,7.2
1995-06-04,7.2
1995-06-05,3.0
1995-06-05,3.0
1995-06-06,0.0
1995-06-06,0.0
1995-06-07,1.0
1995-06-07,1.0
1995-06-08,0.0
1995-06-08,0.0
1995-06-09,0.2
1995-06-09,0.2
1995-06-10,0.0
1995-06-10,0.0
1995-06-11,3.0
1995-06-11,3.0
1995-06-12,3.8
1995-06-12,3.8
1995-06-13,0.0
1995-06-13,0.0
1995-06-14,0.0
1995-06-14,0.0
1995-06-15,0.0
1995-06-15,0.0
1995-06-16,0.0
1995-06-16,0.0
1995-06-17,1.2
1995-06-17,1.2
1995-06-18,1.8
1995-06-18,1.8
1995-06-19,0.0
1995-06-19,0.0
1995-06-20,0.0
1995-06-20,0.0
1995-06-21,0.0
1995-06-21,0.0
1995-06-22,0.0
1995-06-22,0.0
1995-06-23,0.0
1995-06-23,0.0
1995-06-24,0.0
1995-06-24,0.0
1995-06-25,0.0
1995-06-25,0.0
1995-06-26,0.0
1995-06-26,0.0
1995-06-27,0.0
1995-06-27,0.0
1995-06-28,0.0
1995-06-28,0.0
1995-06-29,0.0
1995-06-29,0.0
1995-06-30,0.0
1995-06-30,0.0
1995-07-01,0.0
1995-07-01,0.0
1995-07-02,0.0
1995-07-03,17.2
1995-07-04,0.0
1995-07-05,0.0
1995-07-06,0.0
1995-07-07,0.0
1995-07-08,0.0
1995-07-09,0.0
1995-07-10,0.0
1995-07-11,0.0
1995-07-12,0.4
1995-07-13,3.0
1995-07-14,0.8
1995-07-15,2.4
1995-07-16,1.0
1995-07-17,1.0
1995-07-18,0.2
1995-07-19,0.0
1995-07-20,0.0
1995-07-21,0.0
1995-07-22,0.0
1995-07-23,0.0
1995-07-24,0.0
1995-07-25,0.0
1995-07-26,0.0
1995-07-27,11.2
1995-07-28,0.0
1995-07-29,0.0
1995-07-30,0.0
1995-07-31,0.0
1995-08-01,0.0
1995-08-02,0.0
1995-08-03,0.0
1995-08-04,0.0
1995-08-05,0.0
1995-08-06,0.0
1995-08-07,0.0
1995-08-08,0.0
1995-08-09,0.0
1995-08-10,0.0
1995-08-11,0.0
1995-08-12,0.0
1995-08-13,0.0
1995-08-14,0.0
1995-08-15,0.0
1995-08-16,0.0
1995-08-17,0.0
1995-08-18,0.0
1995-08-19,0.0
1995-08-20,0.0
1995-08-21,0.0
1995-08-22,0.0
1995-08-23,0.0
1995-08-24,0.4
1995-08-25,0.0
1995-08-26,0.0
1995-08-27,0.0
1995-08-28,1.0
1995-08-29,0.2
1995-08-30,0.0
1995-08-31,0.0
1995-09-01,1.2
1995-09-02,1.4
1995-09-02,1.4
1995-09-03,2.0
1995-09-03,2.0
1995-09-04,0.0
1995-09-04,0.0
1995-09-05,0.0
1995-09-05,0.0
1995-09-06,6.6
1995-09-06,6.6
1995-09-07,3.6
1995-09-07,3.6
1995-09-08,6.0
1995-09-08,6.0
1995-09-09,0.4
1995-09-09,0.4
1995-09-10,0.0
1995-09-10,0.0
1995-09-11,10.8
1995-09-11,10.8
1995-09-12,2.2
1995-09-12,2.2
1995-09-13,1.6
1995-09-13,1.6
1995-09-14,0.0
1995-09-14,0.0
1995-09-15,5.2
1995-09-15,5.2
1995-09-16,0.0
1995-09-16,0.0
1995-09-17,11.6
1995-09-17,11.6
1995-09-18,1.0
1995-09-18,1.0
1995-09-19,2.2
1995-09-19,2.2
1995-09-20,0.0
1995-09-20,0.0
1995-09-21,0.0
1995-09-21,0.0
1995-09-22,0.0
1995-09-22,0.0
1995-09-23,0.4
1995-09-23,0.4
1995-09-24,6.8
1995-09-24,6.4
1995-09-25,5.4
1995-09-25,5.4
1995-09-26,0.2
1995-09-26,0.2
1995-09-27,17.8
1995-09-27,17.8
1995-09-28,0.2
1995-09-28,0.2
1995-09-29,0.6
1995-09-29,0.6
1995-09-30,0.0
1995-09-30,0.0
1995-10-01,2.2
1995-10-01,2.2
1995-10-02,0.0
1995-10-02,0.0
1995-10-03,0.0
1995-10-03,0.0
1995-10-04,4.2
1995-10-04,4.2
1995-10-05,1.8
1995-10-05,1.8
1995-10-06,0.0
1995-10-06,0.0
1995-10-07,2.0
1995-10-07,2.0
1995-10-08,0.2
1995-10-08,0.2
1995-10-09,0.0
1995-10-09,0.0
1995-10-10,0.0
1995-10-10,0.0
1995-10-11,0.0
1995-10-11,0.0
1995-10-12,0.0
1995-10-12,0.0
1995-10-13,0.0
1995-10-13,0.0
1995-10-14,0.0
1995-10-14,0.0
1995-10-15,0.0
1995-10-15,0.0
1995-10-16,0.0
1995-10-16,0.0
1995-10-17,0.0
1995-10-17,0.0
1995-10-18,0.0
1995-10-18,0.0
1995-10-19,0.0
1995-10-19,0.0
1995-10-20,0.0
1995-10-20,0.0
1995-10-21,0.2
1995-10-21,0.2
1995-10-22,0.0
1995-10-22,0.0
1995-10-23,0.0
1995-10-23,0.0
1995-10-24,0.0
1995-10-24,0.0
1995-10-25,0.0
1995-10-25,0.0
1995-10-26,0.0
1995-10-26,0.0
1995-10-27,0.8
1995-10-27,0.8
1995-10-28,0.0
1995-10-28,0.0
1995-10-29,0.0
1995-10-29,0.0
1995-10-30,0.0
1995-10-30,0.0
1995-10-31,0.0
1995-10-31,0.0
1995-11-01,0.0
1995-11-01,0.0
1995-11-02,0.0
1995-11-02,0.0
1995-11-03,0.0
1995-11-03,0.0
1995-11-04,0.0
1995-11-04,0.0
1995-11-05,0.0
1995-11-05,0.0
1995-11-06,0.0
1995-11-06,0.0
1995-11-07,0.0
1995-11-07,0.0
1995-11-08,0.0
1995-11-08,0.0
1995-11-09,0.0
1995-11-09,0.0
1995-11-10,6.4
1995-11-10,6.4
1995-11-11,0.6
1995-11-11,0.6
1995-11-12,0.4
1995-11-12,0.4
1995-11-13,0.0
1995-11-13,0.0
1995-11-14,0.6
1995-11-14,0.6
1995-11-15,1.8
1995-11-15,1.8
1995-11-16,0.2
1995-11-16,0.2
1995-11-17,0.8
1995-11-17,0.8
1995-11-18,0.0
1995-11-18,0.0
1995-11-19,0.0
1995-11-19,0.0
1995-11-20,0.0
1995-11-20,0.0
1995-11-21,0.0
1995-11-21,0.0
1995-11-22,0.0
1995-11-22,0.0
1995-11-23,0.0
1995-11-23,0.0
1995-11-24,0.0
1995-11-24,0.0
1995-11-25,0.0
1995-11-25,0.0
1995-11-26,8.0
1995-11-26,8.0
1995-11-27,0.8
1995-11-27,0.8
1995-11-28,2.0
1995-11-28,2.0
1995-11-29,0.0
1995-11-29,0.0
1995-11-30,0.2
1995-11-30,0.2
1995-12-01,0.0
1995-12-01,0.0
1995-12-02,2.6
1995-12-02,2.6
1995-12-03,0.6
1995-12-03,0.6
1995-12-04,6.4
1995-12-04,6.4
1995-12-05,0.0
1995-12-05,0.0
1995-12-06,1.5
1995-12-06,1.5
1995-12-07,2.6
1995-12-07,2.6
1995-12-08,0.1
1995-12-08,0.1
1995-12-09,0.0
1995-12-09,0.0
1995-12-10,0.0
1995-12-10,0.0
1995-12-11,0.2
1995-12-11,0.2
1995-12-12,0.0
1995-12-12,0.0
1995-12-13,0.4
1995-12-13,0.4
1995-12-14,0.2
1995-12-14,0.2
1995-12-15,0.2
1995-12-15,0.2
1995-12-16,0.8
1995-12-16,0.8
1995-12-17,0.0
1995-12-17,0.0
1995-12-18,2.0
1995-12-18,2.0
1995-12-19,0.2
1995-12-19,0.2
1995-12-20,29.0
1995-12-20,29.0
1995-12-21,0.6
1995-12-21,0.6
1995-12-22,13.2
1995-12-22,13.2
1995-12-23,9.0
1995-12-23,9.0
1995-12-24,8.0
1995-12-24,8.0
1995-12-25,0.0
1995-12-25,0.0
1995-12-26,0.0
1995-12-26,0.0
1995-12-27,0.0
1995-12-27,0.0
1995-12-28,0.2
1995-12-28,0.2
1995-12-29,0.0
1995-12-29,0.0
1995-12-30,0.0
1995-12-30,0.0
1995-12-31,8.4
1995-12-31,8.4
1996-01-01,0.0
1996-01-01,0.0
1996-01-02,0.2
1996-01-02,0.2
1996-01-03,0.0
1996-01-03,0.0
1996-01-04,0.0
1996-01-04,0.0
1996-01-05,2.2
1996-01-05,2.2
1996-01-06,7.2
1996-01-06,7.2
1996-01-07,5.8
1996-01-07,5.8
1996-01-08,0.0
1996-01-08,0.0
1996-01-09,20.2
1996-01-09,20.2
1996-01-10,0.0
1996-01-10,0.0
1996-01-11,0.0
1996-01-11,0.0
1996-01-12,1.8
1996-01-12,1.8
1996-01-13,0.4
1996-01-13,0.4
1996-01-14,0.0
1996-01-14,0.0
1996-01-15,0.0
1996-01-15,0.0
1996-01-16,0.0
1996-01-16,0.0
1996-01-17,0.0
1996-01-17,0.0
1996-01-18,0.0
1996-01-18,0.0
1996-01-19,0.0
1996-01-19,0.0
1996-01-20,0.0
1996-01-20,0.0
1996-01-21,0.0
1996-01-21,0.0
1996-01-22,0.0
1996-01-22,0.0
1996-01-23,0.0
1996-01-23,0.0
1996-01-24,7.4
1996-01-24,7.4
1996-01-25,0.0
1996-01-25,0.0
1996-01-26,0.0
1996-01-26,0.0
1996-01-27,0.0
1996-01-27,0.0
1996-01-28,0.2
1996-01-28,0.2
1996-01-29,0.0
1996-01-29,0.0
1996-01-30,0.0
1996-01-30,0.0
1996-01-31,0.2
1996-01-31,0.2
1996-02-01,0.0
1996-02-01,0.0
1996-02-02,0.0
1996-02-02,0.0
1996-02-03,0.0
1996-02-03,0.0
1996-02-04,0.0
1996-02-04,0.0
1996-02-05,0.0
1996-02-05,0.0
1996-02-06,0.0
1996-02-06,0.0
1996-02-07,0.0
1996-02-07,0.0
1996-02-08,0.0
1996-02-08,0.0
1996-02-09,0.2
1996-02-09,0.2
1996-02-10,1.6
1996-02-10,1.6
1996-02-11,1.4
1996-02-11,1.4
1996-02-12,9.8
1996-02-12,9.8
1996-02-13,1.4
1996-02-13,1.4
1996-02-14,0.0
1996-02-14,0.0
1996-02-15,0.0
1996-02-15,0.0
1996-02-16,0.0
1996-02-16,0.0
1996-02-17,0.0
1996-02-17,0.0
1996-02-18,5.4
1996-02-18,5.4
1996-02-19,0.6
1996-02-19,0.6
1996-02-20,0.0
1996-02-20,0.0
1996-02-21,0.6
1996-02-21,0.6
1996-02-22,0.0
1996-02-22,0.0
1996-02-23,1.8
1996-02-23,1.8
1996-02-24,1.2
1996-02-24,1.2
1996-02-25,9.6
1996-02-25,9.6
1996-02-26,4.2
1996-02-26,4.2
1996-02-27,0.0
1996-02-27,0.0
1996-02-28,0.0
1996-02-28,0.0
1996-02-29,0.0
1996-02-29,0.0
1996-03-01,0.0
1996-03-02,0.6
1996-03-03,0.4
1996-03-04,0.6
1996-03-05,0.0
1996-03-06,0.2
1996-03-07,0.0
1996-03-08,0.0
1996-03-09,6.2
1996-03-10,1.0
1996-03-11,0.0
1996-03-12,0.0
1996-03-13,0.0
1996-03-14,0.0
1996-03-15,0.0
1996-03-16,0.6
1996-03-17,0.6
1996-03-18,0.0
1996-03-19,0.0
1996-03-20,0.0
1996-03-21,5.6
1996-03-22,2.6
1996-03-23,4.4
1996-03-24,0.0
1996-03-25,0.0
1996-03-26,2.2
1996-03-27,0.6
1996-03-28,0.0
1996-03-29,0.4
1996-03-30,1.2
1996-03-31,0.0
1996-04-01,0.0
1996-04-01,0.0
1996-04-02,0.0
1996-04-03,0.0
1996-04-04,0.0
1996-04-05,0.0
1996-04-06,0.0
1996-04-07,0.0
1996-04-08,0.0
1996-04-09,0.0
1996-04-10,0.0
1996-04-11,0.4
1996-04-12,0.6
1996-04-13,9.8
1996-04-14,0.0
1996-04-15,0.0
1996-04-16,0.0
1996-04-17,1.0
1996-04-18,0.0
1996-04-19,0.4
1996-04-20,0.0
1996-04-21,0.0
1996-04-22,0.0
1996-04-23,4.6
1996-04-24,1.2
1996-04-25,0.0
1996-04-26,0.0
1996-04-27,0.0
1996-04-28,0.0
1996-04-29,0.0
1996-04-30,0.6
1996-05-01,1.0
1996-05-02,1.8
1996-05-03,0.0
1996-05-04,0.0
1996-05-05,0.0
1996-05-06,0.0
1996-05-07,0.0
1996-05-08,0.0
1996-05-09,0.0
1996-05-10,0.0
1996-05-11,0.2
1996-05-12,0.0
1996-05-13,0.0
1996-05-14,0.0
1996-05-15,0.0
1996-05-16,0.0
1996-05-17,7.8
1996-05-18,0.8
1996-05-19,0.6
1996-05-20,0.0
1996-05-21,0.2
1996-05-22,0.8
1996-05-23,3.8
1996-05-24,1.2
1996-05-25,5.0
1996-05-26,0.0
1996-05-27,2.2
1996-05-28,0.0
1996-05-29,0.0
1996-05-30,0.0
1996-05-31,0.0
1996-06-01,0.4
1996-06-02,1.0
1996-06-03,0.0
1996-06-04,0.0
1996-06-05,0.0
1996-06-06,0.0
1996-06-07,0.0
1996-06-08,2.2
1996-06-09,0.0
1996-06-10,0.0
1996-06-11,0.0
1996-06-12,0.0
1996-06-13,0.0
1996-06-14,0.0
1996-06-15,0.0
1996-06-16,0.0
1996-06-17,0.0
1996-06-18,0.0
1996-06-19,0.0
1996-06-20,0.2
1996-06-21,0.0
1996-06-22,0.0
1996-06-23,0.0
1996-06-24,0.0
1996-06-25,0.0
1996-06-26,0.0
1996-06-27,0.0
1996-06-28,0.2
1996-06-29,1.8
1996-06-30,0.0
1996-07-01,0.0
1996-07-02,1.8
1996-07-02,1.8
1996-07-03,0.0
1996-07-03,0.0
1996-07-04,0.6
1996-07-04,0.6
1996-07-05,5.8
1996-07-05,5.8
1996-07-06,13.0
1996-07-06,13.0
1996-07-07,0.0
1996-07-07,0.0
1996-07-08,0.0
1996-07-08,0.0
1996-07-09,0.0
1996-07-09,0.0
1996-07-10,0.0
1996-07-10,0.0
1996-07-11,0.0
1996-07-11,0.0
1996-07-12,0.0
1996-07-12,0.0
1996-07-13,0.0
1996-07-13,0.0
1996-07-14,0.0
1996-07-14,0.0
1996-07-15,0.0
1996-07-15,0.0
1996-07-16,0.0
1996-07-16,0.0
1996-07-17,0.0
1996-07-17,0.0
1996-07-18,0.0
1996-07-18,0.0
1996-07-19,0.0
1996-07-19,0.0
1996-07-20,0.0
1996-07-20,0.0
1996-07-21,0.0
1996-07-21,0.0
1996-07-22,0.0
1996-07-22,0.0
1996-07-23,0.0
1996-07-23,0.0
1996-07-24,9.4
1996-07-24,9.4
1996-07-25,1.6
1996-07-25,1.6
1996-07-26,0.0
1996-07-26,0.0
1996-07-27,1.6
1996-07-27,1.6
1996-07-28,0.8
1996-07-28,0.8
1996-07-29,0.6
1996-07-29,0.6
1996-07-30,2.0
1996-07-30,2.0
1996-07-31,2.0
1996-07-31,2.0
1996-08-01,0.0
1996-08-01,0.0
1996-08-02,0.0
1996-08-02,0.0
1996-08-03,0.0
1996-08-03,0.0
1996-08-04,0.0
1996-08-04,0.0
1996-08-05,0.0
1996-08-05,0.0
1996-08-06,0.0
1996-08-06,0.0
1996-08-07,0.4
1996-08-07,0.4
1996-08-08,0.0
1996-08-08,0.0
1996-08-09,0.0
1996-08-09,0.0
1996-08-10,2.6
1996-08-10,2.6
1996-08-11,5.0
1996-08-11,5.0
1996-08-12,10.6
1996-08-12,10.6
1996-08-13,0.4
1996-08-13,0.4
1996-08-14,0.0
1996-08-14,0.0
1996-08-15,0.0
1996-08-15,0.0
1996-08-16,0.0
1996-08-16,0.0
1996-08-17,0.0
1996-08-17,0.0
1996-08-18,0.0
1996-08-18,0.0
1996-08-19,0.0
1996-08-19,0.0
1996-08-20,0.0
1996-08-20,0.0
1996-08-21,0.2
1996-08-21,0.2
1996-08-22,0.0
1996-08-22,0.0
1996-08-23,17.4
1996-08-23,17.4
1996-08-24,2.0
1996-08-24,2.0
1996-08-25,2.2
1996-08-25,2.2
1996-08-26,1.8
1996-08-26,1.8
1996-08-27,0.0
1996-08-27,0.0
1996-08-28,0.0
1996-08-28,0.0
1996-08-29,3.2
1996-08-29,3.2
1996-08-30,0.2
1996-08-30,0.2
1996-08-31,0.0
1996-08-31,0.0
1996-09-01,0.0
1996-09-01,0.0
1996-09-02,0.0
1996-09-02,0.0
1996-09-03,2.4
1996-09-03,2.4
1996-09-04,0.2
1996-09-04,0.2
1996-09-05,0.0
1996-09-05,0.0
1996-09-06,0.0
1996-09-06,0.0
1996-09-07,0.0
1996-09-07,0.0
1996-09-08,0.0
1996-09-08,0.0
1996-09-09,0.0
1996-09-09,0.0
1996-09-10,0.0
1996-09-10,0.0
1996-09-11,0.0
1996-09-11,0.0
1996-09-12,0.2
1996-09-12,0.2
1996-09-13,0.0
1996-09-13,0.0
1996-09-14,0.0
1996-09-14,0.0
1996-09-15,0.0
1996-09-15,0.0
1996-09-16,0.0
1996-09-16,0.0
1996-09-17,0.0
1996-09-17,0.0
1996-09-18,0.0
1996-09-18,0.0
1996-09-19,2.6
1996-09-19,2.6
1996-09-20,2.2
1996-09-20,2.2
1996-09-21,0.0
1996-09-21,0.0
1996-09-22,0.0
1996-09-22,0.0
1996-09-23,0.0
1996-09-23,0.0
1996-09-24,1.2
1996-09-24,1.2
1996-09-25,0.4
1996-09-25,0.4
1996-09-26,0.0
1996-09-26,0.0
1996-09-27,0.0
1996-09-27,0.0
1996-09-28,0.2
1996-09-28,0.2
1996-09-29,0.8
1996-09-29,0.8
1996-09-30,3.2
1996-09-30,3.2
1996-10-01,11.4
1996-10-01,11.4
1996-10-02,0.0
1996-10-02,0.0
1996-10-03,0.0
1996-10-03,0.0
1996-10-04,1.4
1996-10-04,1.4
1996-10-05,1.2
1996-10-05,1.2
1996-10-06,0.4
1996-10-06,0.4
1996-10-07,0.0
1996-10-07,0.0
1996-10-08,0.0
1996-10-08,0.0
1996-10-09,10.2
1996-10-09,10.2
1996-10-10,0.0
1996-10-10,0.0
1996-10-11,0.0
1996-10-11,0.0
1996-10-12,0.0
1996-10-12,0.0
1996-10-13,0.0
1996-10-13,0.0
1996-10-14,0.0
1996-10-14,0.0
1996-10-15,5.2
1996-10-15,5.2
1996-10-16,0.0
1996-10-16,0.0
1996-10-17,0.0
1996-10-17,0.0
1996-10-18,2.6
1996-10-18,2.6
1996-10-19,2.4
1996-10-19,2.4
1996-10-20,0.0
1996-10-20,0.0
1996-10-21,3.0
1996-10-21,3.0
1996-10-22,0.0
1996-10-22,0.0
1996-10-23,0.0
1996-10-23,0.0
1996-10-24,0.0
1996-10-24,0.0
1996-10-25,0.4
1996-10-25,0.4
1996-10-26,1.4
1996-10-26,1.4
1996-10-27,4.6
1996-10-27,4.6
1996-10-28,1.0
1996-10-28,1.0
1996-10-29,2.0
1996-10-29,2.0
1996-10-30,0.0
1996-10-30,0.0
1996-10-31,2.2
1996-10-31,2.2
1996-11-01,1.4
1996-11-01,1.4
1996-11-02,0.0
1996-11-02,0.0
1996-11-03,4.2
1996-11-03,4.2
1996-11-04,17.8
1996-11-04,17.8
1996-11-05,0.0
1996-11-05,0.0
1996-11-06,1.2
1996-11-06,1.2
1996-11-07,0.6
1996-11-07,0.6
1996-11-08,0.0
1996-11-08,0.0
1996-11-09,0.0
1996-11-09,0.0
1996-11-10,18.2
1996-11-10,18.2
1996-11-11,0.6
1996-11-11,0.6
1996-11-12,0.0
1996-11-12,0.0
1996-11-13,1.2
1996-11-13,1.2
1996-11-14,0.0
1996-11-14,0.0
1996-11-15,0.2
1996-11-15,0.2
1996-11-16,0.0
1996-11-16,0.0
1996-11-17,1.2
1996-11-17,1.2
1996-11-18,5.6
1996-11-18,5.6
1996-11-19,7.4
1996-11-19,7.4
1996-11-20,11.6
1996-11-20,11.6
1996-11-21,0.8
1996-11-21,0.8
1996-11-22,0.0
1996-11-22,0.0
1996-11-23,0.6
1996-11-23,0.6
1996-11-24,0.0
1996-11-24,0.0
1996-11-25,12.6
1996-11-25,12.6
1996-11-26,0.2
1996-11-26,0.2
1996-11-27,0.0
1996-11-27,0.0
1996-11-28,0.0
1996-11-28,0.0
1996-11-29,5.6
1996-11-29,5.6
1996-11-30,1.0
1996-11-30,1.0
1996-12-01,0.8
1996-12-01,0.8
1996-12-02,0.2
1996-12-02,0.2
1996-12-03,6.8
1996-12-03,6.8
1996-12-04,0.2
1996-12-04,0.2
1996-12-05,0.0
1996-12-05,0.0
1996-12-06,0.2
1996-12-06,0.2
1996-12-07,0.0
1996-12-07,0.0
1996-12-08,0.0
1996-12-08,0.0
1996-12-09,0.0
1996-12-09,0.0
1996-12-10,0.0
1996-12-10,0.0
1996-12-11,0.0
1996-12-11,0.0
1996-12-12,0.0
1996-12-12,0.0
1996-12-13,0.0
1996-12-13,0.0
1996-12-14,0.6
1996-12-14,0.6
1996-12-15,0.0
1996-12-15,0.0
1996-12-16,0.0
1996-12-16,0.0
1996-12-17,0.2
1996-12-17,0.2
1996-12-18,0.8
1996-12-18,0.8
1996-12-19,3.0
1996-12-19,3.0
1996-12-20,0.6
1996-12-20,0.6
1996-12-21,1.0
1996-12-21,1.0
1996-12-22,0.0
1996-12-22,0.0
1996-12-23,0.0
1996-12-23,0.0
1996-12-24,0.0
1996-12-24,0.0
1996-12-25,0.2
1996-12-25,0.2
1996-12-26,0.0
1996-12-26,0.0
1996-12-27,0.6
1996-12-27,0.6
1996-12-28,0.6
1996-12-28,0.6
1996-12-29,0.0
1996-12-29,0.0
1996-12-30,0.8
1996-12-30,0.8
1996-12-31,0.0
1996-12-31,0.0
1997-01-01,0.0
1997-01-01,0.0
1997-01-02,0.0
1997-01-02,0.0
1997-01-03,0.0
1997-01-03,0.0
1997-01-04,0.0
1997-01-04,0.0
1997-01-05,0.2
1997-01-05,0.2
1997-01-06,0.0
1997-01-06,0.0
1997-01-07,0.0
1997-01-07,0.0
1997-01-08,0.0
1997-01-08,0.0
1997-01-09,0.0
1997-01-09,0.0
1997-01-10,1.0
1997-01-10,1.0
1997-01-11,0.0
1997-01-11,0.0
1997-01-12,0.4
1997-01-12,0.4
1997-01-13,0.0
1997-01-13,0.0
1997-01-14,0.0
1997-01-14,0.0
1997-01-15,0.0
1997-01-15,0.0
1997-01-16,0.2
1997-01-16,0.2
1997-01-17,0.0
1997-01-17,0.0
1997-01-18,0.8
1997-01-18,0.8
1997-01-19,2.8
1997-01-19,2.8
1997-01-20,0.0
1997-01-20,0.0
1997-01-21,0.0
1997-01-21,0.0
1997-01-22,5.0
1997-01-22,5.0
1997-01-23,3.6
1997-01-23,3.6
1997-01-24,0.0
1997-01-24,0.0
1997-01-25,0.0
1997-01-25,0.0
1997-01-26,0.0
1997-01-26,0.0
1997-01-27,0.0
1997-01-27,0.0
1997-01-28,0.0
1997-01-28,0.0
1997-01-29,0.2
1997-01-29,0.2
1997-01-30,0.0
1997-01-30,0.0
1997-01-31,0.0
1997-01-31,0.0
1997-02-01,0.0
1997-02-01,0.0
1997-02-02,0.0
1997-02-03,0.0
1997-02-04,0.0
1997-02-05,6.6
1997-02-06,0.0
1997-02-07,0.0
1997-02-08,2.0
1997-02-09,0.0
1997-02-10,0.2
1997-02-11,3.8
1997-02-12,5.0
1997-02-13,4.0
1997-02-14,0.2
1997-02-15,0.0
1997-02-16,0.0
1997-02-17,2.0
1997-02-18,6.2
1997-02-19,4.4
1997-02-20,0.8
1997-02-21,1.8
1997-02-22,1.4
1997-02-23,0.2
1997-02-24,1.2
1997-02-25,2.2
1997-02-26,1.2
1997-02-27,1.0
1997-02-28,1.8
1997-03-01,2.0
1997-03-02,0.2
1997-03-03,0.0
1997-03-04,1.2
1997-03-05,1.4
1997-03-06,0.6
1997-03-07,0.0
1997-03-08,0.0
1997-03-09,0.2
1997-03-10,0.0
1997-03-11,0.0
1997-03-12,0.0
1997-03-13,0.0
1997-03-14,0.0
1997-03-15,0.0
1997-03-16,0.0
1997-03-17,0.0
1997-03-18,0.0
1997-03-19,0.2
1997-03-20,0.2
1997-03-21,0.0
1997-03-22,0.0
1997-03-23,0.0
1997-03-24,0.0
1997-03-25,0.2
1997-03-26,0.0
1997-03-27,0.0
1997-03-28,0.2
1997-03-29,0.0
1997-03-30,0.0
1997-03-31,0.0
1997-04-01,0.0
1997-04-02,0.0
1997-04-03,0.0
1997-04-04,0.0
1997-04-05,0.0
1997-04-06,0.0
1997-04-07,0.0
1997-04-08,0.0
1997-04-09,0.0
1997-04-10,0.0
1997-04-11,0.0
1997-04-12,0.0
1997-04-13,0.0
1997-04-14,0.0
1997-04-15,0.0
1997-04-16,0.0
1997-04-17,0.0
1997-04-18,0.0
1997-04-19,0.2
1997-04-20,0.0
1997-04-21,0.0
1997-04-22,0.0
1997-04-23,0.0
1997-04-24,0.0
1997-04-25,0.0
1997-04-26,8.8
1997-04-27,3.0
1997-04-28,0.2
1997-04-29,0.0
1997-04-30,0.0
1997-05-01,0.0
1997-05-02,0.0
1997-05-03,0.0
1997-05-04,0.4
1997-05-05,0.8
1997-05-06,9.4
1997-05-07,0.0
1997-05-08,4.0
1997-05-09,2.8
1997-05-10,4.0
1997-05-11,1.8
1997-05-12,0.0
1997-05-13,0.4
1997-05-14,0.0
1997-05-15,0.0
1997-05-16,0.0
1997-05-17,4.0
1997-05-18,0.0
1997-05-19,0.0
1997-05-20,0.6
1997-05-21,3.8
1997-05-22,0.0
1997-05-23,0.0
1997-05-24,0.0
1997-05-25,0.0
1997-05-26,0.0
1997-05-27,0.0
1997-05-28,0.0
1997-05-29,0.0
1997-05-30,0.0
1997-05-31,0.0
1997-06-01,0.0
1997-06-02,0.2
1997-06-02,0.2
1997-06-03,0.0
1997-06-03,0.0
1997-06-04,0.0
1997-06-04,0.0
1997-06-05,0.0
1997-06-05,0.0
1997-06-06,0.4
1997-06-06,0.4
1997-06-07,14.0
1997-06-07,14.0
1997-06-08,0.0
1997-06-08,0.0
1997-06-09,0.2
1997-06-09,0.2
1997-06-10,0.0
1997-06-10,0.0
1997-06-11,4.6
1997-06-11,4.6
1997-06-12,1.4
1997-06-12,1.4
1997-06-13,0.8
1997-06-13,0.8
1997-06-14,0.0
1997-06-14,0.0
1997-06-15,10.2
1997-06-15,10.2
1997-06-16,0.0
1997-06-16,0.0
1997-06-17,6.8
1997-06-17,6.8
1997-06-18,0.0
1997-06-18,0.0
1997-06-19,4.0
1997-06-19,4.0
1997-06-20,2.2
1997-06-20,2.2
1997-06-21,6.6
1997-06-21,6.6
1997-06-22,12.8
1997-06-22,12.8
1997-06-23,10.8
1997-06-23,10.8
1997-06-24,1.6
1997-06-24,1.6
1997-06-25,2.0
1997-06-25,2.0
1997-06-26,4.4
1997-06-26,4.4
1997-06-27,21.2
1997-06-27,21.2
1997-06-28,9.2
1997-06-28,9.2
1997-06-29,0.0
1997-06-29,0.0
1997-06-30,0.0
1997-06-30,0.0
1997-07-01,0.8
1997-07-01,0.8
1997-07-02,0.0
1997-07-03,0.2
1997-07-04,1.0
1997-07-05,0.0
1997-07-06,0.0
1997-07-07,0.0
1997-07-08,0.0
1997-07-09,3.6
1997-07-10,0.0
1997-07-11,0.0
1997-07-12,0.0
1997-07-13,0.0
1997-07-14,0.0
1997-07-15,0.0
1997-07-16,0.0
1997-07-17,0.8
1997-07-18,1.8
1997-07-19,0.0
1997-07-20,0.0
1997-07-21,0.0
1997-07-22,0.0
1997-07-23,0.0
1997-07-24,0.0
1997-07-25,2.6
1997-07-26,0.0
1997-07-27,6.6
1997-07-28,0.0
1997-07-29,0.0
1997-07-30,1.0
1997-07-31,0.2
1997-08-01,11.0
1997-08-02,0.0
1997-08-02,0.0
1997-08-03,0.0
1997-08-03,0.0
1997-08-04,0.0
1997-08-04,1.0
1997-08-05,0.0
1997-08-05,1.0
1997-08-06,0.0
1997-08-06,0.0
1997-08-07,16.0
1997-08-07,16.0
1997-08-08,0.0
1997-08-08,0.0
1997-08-09,0.0
1997-08-09,0.0
1997-08-10,0.0
1997-08-10,0.0
1997-08-11,0.0
1997-08-11,0.0
1997-08-12,0.0
1997-08-12,0.0
1997-08-13,9.8
1997-08-13,9.8
1997-08-14,0.0
1997-08-14,0.0
1997-08-15,0.0
1997-08-15,0.0
1997-08-16,0.0
1997-08-16,0.0
1997-08-17,0.0
1997-08-17,0.0
1997-08-18,3.6
1997-08-18,3.6
1997-08-19,0.0
1997-08-19,0.0
1997-08-20,0.0
1997-08-20,0.0
1997-08-21,0.0
1997-08-21,0.0
1997-08-22,0.0
1997-08-22,0.0
1997-08-23,0.0
1997-08-23,0.0
1997-08-24,0.0
1997-08-24,0.0
1997-08-25,6.2
1997-08-25,6.2
1997-08-26,5.2
1997-08-26,5.2
1997-08-27,0.2
1997-08-27,0.2
1997-08-28,8.6
1997-08-28,8.6
1997-08-29,5.0
1997-08-29,5.0
1997-08-30,5.4
1997-08-30,5.6
1997-08-31,0.0
1997-08-31,0.0
1997-09-01,0.0
1997-09-01,0.0
1997-09-02,0.0
1997-09-03,0.0
1997-09-04,2.2
1997-09-05,0.0
1997-09-06,1.6
1997-09-07,0.0
1997-09-08,0.0
1997-09-09,0.0
1997-09-10,0.0
1997-09-11,0.0
1997-09-12,1.2
1997-09-13,3.2
1997-09-14,0.0
1997-09-15,0.0
1997-09-16,0.0
1997-09-17,0.0
1997-09-18,0.0
1997-09-19,0.0
1997-09-20,0.0
1997-09-21,0.0
1997-09-22,0.0
1997-09-23,0.0
1997-09-24,0.0
1997-09-25,0.0
1997-09-26,0.0
1997-09-27,0.0
1997-09-28,0.0
1997-09-29,0.0
1997-09-30,0.0
1997-10-01,0.0
1997-10-02,0.0
1997-10-02,0.0
1997-10-03,0.0
1997-10-04,0.0
1997-10-04,0.0
1997-10-05,0.0
1997-10-05,0.0
1997-10-06,0.0
1997-10-06,0.0
1997-10-07,3.6
1997-10-08,5.4
1997-10-08,5.4
1997-10-09,3.8
1997-10-09,3.8
1997-10-10,2.0
1997-10-11,1.0
1997-10-11,1.0
1997-10-12,1.0
1997-10-12,1.0
1997-10-13,0.8
1997-10-13,0.8
1997-10-14,0.6
1997-10-15,0.8
1997-10-15,0.8
1997-10-16,1.4
1997-10-16,1.4
1997-10-17,1.6
1997-10-18,2.6
1997-10-18,2.6
1997-10-19,7.8
1997-10-19,7.8
1997-10-20,6.4
1997-10-20,6.4
1997-10-21,4.8
1997-10-22,0.0
1997-10-22,0.0
1997-10-23,0.0
1997-10-23,0.0
1997-10-24,0.0
1997-10-24,0.0
1997-10-25,0.0
1997-10-25,0.0
1997-10-26,0.0
1997-10-26,0.0
1997-10-27,0.2
1997-10-27,0.2
1997-10-28,0.0
1997-10-28,0.0
1997-10-29,0.0
1997-10-29,0.0
1997-10-30,0.0
1997-10-30,0.0
1997-10-31,0.0
1997-11-01,0.0
1997-11-01,0.0
1997-11-02,0.0
1997-11-02,0.2
1997-11-03,0.2
1997-11-03,0.2
1997-11-04,0.0
1997-11-04,0.0
1997-11-05,1.8
1997-11-05,1.8
1997-11-06,7.6
1997-11-06,7.8
1997-11-07,0.6
1997-11-07,0.6
1997-11-08,1.2
1997-11-08,1.2
1997-11-09,3.0
1997-11-09,3.0
1997-11-10,1.0
1997-11-10,1.0
1997-11-11,0.2
1997-11-11,0.2
1997-11-12,0.2
1997-11-12,0.2
1997-11-13,0.0
1997-11-13,0.0
1997-11-14,0.2
1997-11-14,0.4
1997-11-15,0.6
1997-11-15,0.8
1997-11-16,2.4
1997-11-16,2.4
1997-11-17,0.6
1997-11-17,0.6
1997-11-18,0.0
1997-11-18,0.0
1997-11-19,7.6
1997-11-19,7.6
1997-11-20,9.2
1997-11-20,9.2
1997-11-21,1.6
1997-11-21,1.6
1997-11-22,3.8
1997-11-22,3.8
1997-11-23,0.6
1997-11-23,0.6
1997-11-24,0.2
1997-11-24,0.2
1997-11-25,0.2
1997-11-25,0.2
1997-11-26,0.0
1997-11-26,0.0
1997-11-27,2.0
1997-11-27,2.0
1997-11-28,9.8
1997-11-28,9.8
1997-11-29,0.4
1997-11-29,0.4
1997-11-30,2.6
1997-11-30,2.6
1997-12-01,0.0
1998-01-01,60.0
1998-01-01,54.7
1998-01-02,6.9
1998-01-02,6.2
1998-01-03,6.0
1998-01-03,6.6
1998-01-04,5.8
1998-01-04,6.5
1998-01-05,11.8
1998-01-05,9.8
1998-01-06,10.6
1998-01-06,9.1
1998-01-07,3.6
1998-01-07,3.2
1998-01-08,3.0
1998-01-08,2.4
1998-01-09,0.8
1998-01-09,0.7
1998-01-10,0.0
1998-01-10,0.0
1998-01-11,0.2
1998-01-11,0.0
1998-01-12,0.0
1998-01-12,0.0
1998-01-13,0.0
1998-01-13,0.0
1998-01-14,8.4
1998-01-14,7.2
1998-01-15,0.8
1998-01-15,1.2
1998-01-16,1.0
1998-01-16,1.2
1998-01-17,0.0
1998-01-17,0.0
1998-01-18,4.2
1998-01-18,4.2
1998-01-19,9.7
1998-01-19,10.0
1998-01-20,0.0
1998-01-20,0.0
1998-01-21,0.0
1998-01-21,0.0
1998-01-22,0.0
1998-01-22,0.0
1998-01-23,0.0
1998-01-23,0.0
1998-01-24,0.0
1998-01-24,0.0
1998-01-25,0.0
1998-01-25,0.0
1998-01-26,0.0
1998-01-26,0.0
1998-01-27,0.0
1998-01-27,0.0
1998-01-28,0.4
1998-01-28,0.3
1998-01-29,0.2
1998-01-29,0.2
1998-01-30,0.0
1998-01-30,0.0
1998-01-31,0.0
1998-01-31,0.0
1998-02-01,0.2
1998-02-01,0.0
1998-02-02,0.0
1998-02-02,0.0
1998-02-03,0.0
1998-02-03,0.0
1998-02-04,0.0
1998-02-04,0.0
1998-02-05,0.0
1998-02-05,0.2
1998-02-06,0.0
1998-02-06,0.0
1998-02-07,3.2
1998-02-07,3.0
1998-02-08,0.0
1998-02-08,0.0
1998-02-09,0.0
1998-02-09,0.0
1998-02-10,0.0
1998-02-10,0.0
1998-02-11,0.0
1998-02-11,0.0
1998-02-12,0.0
1998-02-12,0.0
1998-02-13,0.0
1998-02-13,0.0
1998-02-14,0.0
1998-02-14,0.0
1998-02-15,0.2
1998-02-15,0.0
1998-02-16,0.0
1998-02-16,0.0
1998-02-17,0.4
1998-02-17,0.0
1998-02-18,0.0
1998-02-18,0.0
1998-02-19,0.0
1998-02-19,0.0
1998-02-20,0.0
1998-02-20,0.0
1998-02-21,0.0
1998-02-21,0.0
1998-02-22,0.5
1998-02-22,0.6
1998-02-23,0.0
1998-02-23,0.0
1998-02-24,0.0
1998-02-24,0.0
1998-02-25,0.0
1998-02-25,0.0
1998-02-26,0.0
1998-02-26,0.0
1998-02-27,0.0
1998-02-27,0.0
1998-02-28,0.8
1998-02-28,0.8
1998-03-01,0.0
1998-03-01,0.0
1998-03-02,0.0
1998-03-02,0.0
1998-03-03,6.8
1998-03-03,4.3
1998-03-04,4.6
1998-03-04,3.5
1998-03-05,0.0
1998-03-05,0.0
1998-03-06,10.6
1998-03-06,12.6
1998-03-07,7.6
1998-03-07,6.7
1998-03-08,2.6
1998-03-08,2.1
1998-03-09,0.4
1998-03-09,0.0
1998-03-10,0.0
1998-03-10,0.0
1998-03-11,5.0
1998-03-11,6.6
1998-03-12,2.8
1998-03-12,0.6
1998-03-13,0.8
1998-03-13,3.2
1998-03-14,0.0
1998-03-14,0.0
1998-03-15,0.0
1998-03-15,0.0
1998-03-16,0.0
1998-03-16,0.0
1998-03-17,0.0
1998-03-17,0.0
1998-03-18,0.0
1998-03-18,0.0
1998-03-19,0.0
1998-03-19,0.0
1998-03-20,0.0
1998-03-20,0.0
1998-03-21,0.0
1998-03-21,0.0
1998-03-22,0.0
1998-03-22,0.0
1998-03-23,0.0
1998-03-23,0.0
1998-03-24,0.2
1998-03-24,0.0
1998-03-25,2.4
1998-03-25,2.4
1998-03-26,3.6
1998-03-26,3.3
1998-03-27,1.8
1998-03-27,2.0
1998-03-28,0.0
1998-03-28,0.2
1998-03-29,0.4
1998-03-29,0.2
1998-03-30,0.6
1998-03-30,1.1
1998-03-31,0.0
1998-03-31,0.0
1998-04-01,0.6
1998-04-01,0.0
1998-04-02,3.2
1998-04-02,3.8
1998-04-03,4.0
1998-04-03,2.8
1998-04-04,6.0
1998-04-04,6.7
1998-04-05,0.6
1998-04-05,1.0
1998-04-06,5.8
1998-04-06,8.8
1998-04-07,1.6
1998-04-07,2.6
1998-04-08,1.6
1998-04-08,1.6
1998-04-09,10.9
1998-04-09,11.8
1998-04-10,9.4
1998-04-10,8.7
1998-04-11,1.4
1998-04-11,3.4
1998-04-12,2.2
1998-04-12,1.6
1998-04-13,0.0
1998-04-13,0.0
1998-04-14,0.2
1998-04-14,0.4
1998-04-15,8.1
1998-04-15,6.4
1998-04-16,11.0
1998-04-16,10.8
1998-04-17,9.2
1998-04-17,7.9
1998-04-18,0.0
1998-04-18,0.0
1998-04-19,1.4
1998-04-19,1.5
1998-04-20,9.0
1998-04-20,7.9
1998-04-21,0.3
1998-04-21,1.2
1998-04-22,2.0
1998-04-22,1.3
1998-04-23,1.4
1998-04-23,0.7
1998-04-24,0.6
1998-04-24,0.8
1998-04-25,3.2
1998-04-25,2.2
1998-04-26,2.3
1998-04-26,2.0
1998-04-27,2.6
1998-04-27,3.9
1998-04-28,0.6
1998-04-28,2.0
1998-04-29,3.8
1998-04-29,3.8
1998-04-30,0.0
1998-04-30,0.0
1998-05-01,0.0
1998-05-01,0.0
1998-05-02,0.1
1998-05-02,0.0
1998-05-03,0.0
1998-05-03,0.0
1998-05-04,0.0
1998-05-04,0.0
1998-05-05,0.0
1998-05-05,0.0
1998-05-06,0.0
1998-05-06,0.0
1998-05-07,0.0
1998-05-07,0.0
1998-05-08,0.0
1998-05-08,0.0
1998-05-09,0.0
1998-05-09,0.0
1998-05-10,0.0
1998-05-10,0.0
1998-05-11,0.0
1998-05-11,0.0
1998-05-12,0.0
1998-05-12,0.0
1998-05-13,0.0
1998-05-13,0.0
1998-05-14,0.0
1998-05-14,0.2
1998-05-15,0.0
1998-05-15,0.0
1998-05-16,0.0
1998-05-16,0.0
1998-05-17,0.0
1998-05-17,0.0
1998-05-18,0.0
1998-05-18,0.0
1998-05-19,0.0
1998-05-19,0.0
1998-05-20,0.0
1998-05-20,0.0
1998-05-21,2.0
1998-05-21,2.0
1998-05-22,0.0
1998-05-22,0.0
1998-05-23,0.0
1998-05-23,0.0
1998-05-24,0.0
1998-05-24,0.0
1998-05-25,0.0
1998-05-25,0.0
1998-05-26,5.1
1998-05-26,12.4
1998-05-27,24.6
1998-05-27,25.9
1998-05-28,0.4
1998-05-28,0.6
1998-05-29,4.4
1998-05-29,1.4
1998-05-30,0.0
1998-05-30,0.0
1998-05-31,2.6
1998-05-31,1.3
1998-06-01,0.0
1998-06-01,0.0
1998-06-02,6.4
1998-06-02,6.4
1998-06-03,0.4
1998-06-03,1.3
1998-06-04,3.2
1998-06-04,3.0
1998-06-05,0.0
1998-06-05,0.0
1998-06-06,0.0
1998-06-06,0.0
1998-06-07,0.0
1998-06-07,0.0
1998-06-08,1.8
1998-06-08,2.9
1998-06-09,3.0
1998-06-09,3.9
1998-06-10,4.8
1998-06-10,5.7
1998-06-11,12.8
1998-06-11,16.6
1998-06-12,0.4
1998-06-12,0.9
1998-06-13,0.8
1998-06-13,0.3
1998-06-14,8.8
1998-06-14,6.4
1998-06-15,0.4
1998-06-15,1.5
1998-06-16,7.0
1998-06-16,9.1
1998-06-17,0.0
1998-06-17,0.0
1998-06-18,6.2
1998-06-18,6.4
1998-06-19,0.2
1998-06-19,0.2
1998-06-20,0.2
1998-06-20,0.0
1998-06-21,0.0
1998-06-21,0.0
1998-06-22,0.0
1998-06-22,0.0
1998-06-23,1.5
1998-06-23,1.6
1998-06-24,0.0
1998-06-24,0.1
1998-06-25,9.4
1998-06-25,6.1
1998-06-26,1.8
1998-06-26,0.6
1998-06-27,10.2
1998-06-27,4.3
1998-06-28,6.8
1998-06-28,14.6
1998-06-29,0.2
1998-06-29,1.0
1998-06-30,11.0
1998-06-30,12.9
